"","_id_in_session","round_number","staten","decision","pay","session","choice","id","tre","idu","ids"
"1",1,1,1,"Continue",10,1,1,"1",0,1011,101
"2",2,1,2,"Continue",10,1,1,"2",0,1012,101
"3",3,1,1,"Stop",0,1,0,"3",0,1013,101
"4",4,1,2,"Continue",10,1,1,"4",0,1014,101
"5",5,1,1,"Stop",0,1,0,"5",0,1015,101
"6",6,1,1,"Continue",10,1,1,"6",0,1016,101
"7",7,1,1,"Stop",0,1,0,"7",0,1017,101
"8",8,1,1,"Continue",10,1,1,"8",0,1018,101
"9",1,2,1,"Continue",10,1,1,"1",0,1011,101
"10",2,2,1,"Stop",0,1,0,"2",0,1012,101
"11",3,2,2,"Continue",10,1,1,"3",0,1013,101
"12",4,2,2,"Continue",10,1,1,"4",0,1014,101
"13",5,2,1,"Continue",10,1,1,"5",0,1015,101
"14",6,2,2,"Continue",10,1,1,"6",0,1016,101
"15",7,2,1,"Continue",10,1,1,"7",0,1017,101
"16",8,2,2,"Continue",10,1,1,"8",0,1018,101
"17",1,3,2,"Continue",10,1,1,"1",0,1011,101
"18",2,3,1,"Continue",10,1,1,"2",0,1012,101
"19",3,3,2,"Continue",10,1,1,"3",0,1013,101
"20",4,3,1,"Continue",10,1,1,"4",0,1014,101
"21",5,3,2,"Continue",10,1,1,"5",0,1015,101
"22",6,3,2,"Continue",10,1,1,"6",0,1016,101
"23",7,3,1,"Continue",10,1,1,"7",0,1017,101
"24",8,3,1,"Continue",10,1,1,"8",0,1018,101
"25",1,4,1,"Continue",10,1,1,"1",0,1011,101
"26",2,4,2,"Continue",10,1,1,"2",0,1012,101
"27",3,4,2,"Continue",10,1,1,"3",0,1013,101
"28",4,4,2,"Continue",10,1,1,"4",0,1014,101
"29",5,4,2,"Continue",10,1,1,"5",0,1015,101
"30",6,4,1,"Stop",0,1,0,"6",0,1016,101
"31",7,4,2,"Continue",10,1,1,"7",0,1017,101
"32",8,4,1,"Continue",10,1,1,"8",0,1018,101
"33",1,5,2,"Stop",0,1,0,"1",0,1011,101
"34",2,5,2,"Continue",10,1,1,"2",0,1012,101
"35",3,5,2,"Continue",10,1,1,"3",0,1013,101
"36",4,5,2,"Continue",10,1,1,"4",0,1014,101
"37",5,5,1,"Continue",10,1,1,"5",0,1015,101
"38",6,5,1,"Stop",0,1,0,"6",0,1016,101
"39",7,5,2,"Continue",10,1,1,"7",0,1017,101
"40",8,5,2,"Continue",10,1,1,"8",0,1018,101
"41",1,6,2,"Continue",10,1,1,"1",0,1011,101
"42",2,6,2,"Continue",10,1,1,"2",0,1012,101
"43",3,6,1,"Stop",0,1,0,"3",0,1013,101
"44",4,6,2,"Continue",10,1,1,"4",0,1014,101
"45",5,6,1,"Stop",0,1,0,"5",0,1015,101
"46",6,6,1,"Stop",0,1,0,"6",0,1016,101
"47",7,6,2,"Continue",10,1,1,"7",0,1017,101
"48",8,6,2,"Continue",10,1,1,"8",0,1018,101
"49",1,7,2,"Continue",10,1,1,"1",0,1011,101
"50",2,7,1,"Stop",0,1,0,"2",0,1012,101
"51",3,7,1,"Continue",10,1,1,"3",0,1013,101
"52",4,7,2,"Continue",10,1,1,"4",0,1014,101
"53",5,7,2,"Continue",10,1,1,"5",0,1015,101
"54",6,7,2,"Continue",10,1,1,"6",0,1016,101
"55",7,7,1,"Continue",10,1,1,"7",0,1017,101
"56",8,7,2,"Continue",10,1,1,"8",0,1018,101
"57",1,8,2,"Continue",10,1,1,"1",0,1011,101
"58",2,8,1,"Continue",10,1,1,"2",0,1012,101
"59",3,8,1,"Stop",0,1,0,"3",0,1013,101
"60",4,8,1,"Stop",0,1,0,"4",0,1014,101
"61",5,8,2,"Continue",10,1,1,"5",0,1015,101
"62",6,8,2,"Continue",10,1,1,"6",0,1016,101
"63",7,8,2,"Continue",10,1,1,"7",0,1017,101
"64",8,8,2,"Continue",10,1,1,"8",0,1018,101
"65",1,9,2,"Continue",10,1,1,"1",0,1011,101
"66",2,9,2,"Continue",10,1,1,"2",0,1012,101
"67",3,9,1,"Continue",10,1,1,"3",0,1013,101
"68",4,9,1,"Stop",0,1,0,"4",0,1014,101
"69",5,9,2,"Continue",10,1,1,"5",0,1015,101
"70",6,9,2,"Continue",10,1,1,"6",0,1016,101
"71",7,9,1,"Continue",10,1,1,"7",0,1017,101
"72",8,9,1,"Continue",10,1,1,"8",0,1018,101
"73",1,10,1,"Stop",0,1,0,"1",0,1011,101
"74",2,10,2,"Continue",10,1,1,"2",0,1012,101
"75",3,10,1,"Continue",10,1,1,"3",0,1013,101
"76",4,10,2,"Continue",10,1,1,"4",0,1014,101
"77",5,10,2,"Continue",10,1,1,"5",0,1015,101
"78",6,10,2,"Continue",10,1,1,"6",0,1016,101
"79",7,10,1,"Continue",10,1,1,"7",0,1017,101
"80",8,10,2,"Continue",10,1,1,"8",0,1018,101
"81",1,11,2,"Continue",10,1,1,"1",0,1011,101
"82",2,11,2,"Continue",10,1,1,"2",0,1012,101
"83",3,11,1,"Continue",10,1,1,"3",0,1013,101
"84",4,11,1,"Stop",0,1,0,"4",0,1014,101
"85",5,11,2,"Continue",10,1,1,"5",0,1015,101
"86",6,11,2,"Continue",10,1,1,"6",0,1016,101
"87",7,11,1,"Continue",10,1,1,"7",0,1017,101
"88",8,11,1,"Continue",10,1,1,"8",0,1018,101
"89",1,12,1,"Stop",0,1,0,"1",0,1011,101
"90",2,12,1,"Stop",0,1,0,"2",0,1012,101
"91",3,12,1,"Continue",10,1,1,"3",0,1013,101
"92",4,12,1,"Stop",0,1,0,"4",0,1014,101
"93",5,12,2,"Continue",10,1,1,"5",0,1015,101
"94",6,12,2,"Continue",10,1,1,"6",0,1016,101
"95",7,12,2,"Continue",10,1,1,"7",0,1017,101
"96",8,12,2,"Continue",10,1,1,"8",0,1018,101
"97",1,13,1,"Stop",0,1,0,"1",0,1011,101
"98",2,13,1,"Continue",10,1,1,"2",0,1012,101
"99",3,13,1,"Stop",0,1,0,"3",0,1013,101
"100",4,13,1,"Continue",10,1,1,"4",0,1014,101
"101",5,13,2,"Continue",10,1,1,"5",0,1015,101
"102",6,13,1,"Stop",0,1,0,"6",0,1016,101
"103",7,13,1,"Continue",10,1,1,"7",0,1017,101
"104",8,13,2,"Continue",10,1,1,"8",0,1018,101
"105",1,14,1,"Stop",0,1,0,"1",0,1011,101
"106",2,14,2,"Continue",10,1,1,"2",0,1012,101
"107",3,14,2,"Continue",10,1,1,"3",0,1013,101
"108",4,14,1,"Stop",0,1,0,"4",0,1014,101
"109",5,14,2,"Continue",10,1,1,"5",0,1015,101
"110",6,14,1,"Stop",0,1,0,"6",0,1016,101
"111",7,14,2,"Continue",10,1,1,"7",0,1017,101
"112",8,14,1,"Continue",10,1,1,"8",0,1018,101
"113",1,15,1,"Stop",0,1,0,"1",0,1011,101
"114",2,15,1,"Stop",0,1,0,"2",0,1012,101
"115",3,15,1,"Stop",0,1,0,"3",0,1013,101
"116",4,15,2,"Continue",10,1,1,"4",0,1014,101
"117",5,15,2,"Continue",10,1,1,"5",0,1015,101
"118",6,15,1,"Stop",0,1,0,"6",0,1016,101
"119",7,15,1,"Continue",10,1,1,"7",0,1017,101
"120",8,15,1,"Continue",10,1,1,"8",0,1018,101
"121",1,16,2,"Continue",10,1,1,"1",0,1011,101
"122",2,16,2,"Continue",10,1,1,"2",0,1012,101
"123",3,16,2,"Continue",10,1,1,"3",0,1013,101
"124",4,16,1,"Stop",0,1,0,"4",0,1014,101
"125",5,16,1,"Stop",0,1,0,"5",0,1015,101
"126",6,16,1,"Stop",0,1,0,"6",0,1016,101
"127",7,16,2,"Continue",10,1,1,"7",0,1017,101
"128",8,16,2,"Continue",10,1,1,"8",0,1018,101
"129",1,17,2,"Continue",10,1,1,"1",0,1011,101
"130",2,17,2,"Continue",10,1,1,"2",0,1012,101
"131",3,17,1,"Stop",0,1,0,"3",0,1013,101
"132",4,17,1,"Continue",10,1,1,"4",0,1014,101
"133",5,17,1,"Continue",10,1,1,"5",0,1015,101
"134",6,17,1,"Stop",0,1,0,"6",0,1016,101
"135",7,17,1,"Continue",10,1,1,"7",0,1017,101
"136",8,17,1,"Continue",10,1,1,"8",0,1018,101
"137",1,18,2,"Continue",10,1,1,"1",0,1011,101
"138",2,18,2,"Continue",10,1,1,"2",0,1012,101
"139",3,18,2,"Continue",10,1,1,"3",0,1013,101
"140",4,18,2,"Continue",10,1,1,"4",0,1014,101
"141",5,18,2,"Continue",10,1,1,"5",0,1015,101
"142",6,18,2,"Continue",10,1,1,"6",0,1016,101
"143",7,18,2,"Continue",10,1,1,"7",0,1017,101
"144",8,18,2,"Continue",10,1,1,"8",0,1018,101
"145",1,19,1,"Stop",0,1,0,"1",0,1011,101
"146",2,19,1,"Stop",0,1,0,"2",0,1012,101
"147",3,19,2,"Continue",10,1,1,"3",0,1013,101
"148",4,19,1,"Stop",0,1,0,"4",0,1014,101
"149",5,19,1,"Continue",10,1,1,"5",0,1015,101
"150",6,19,1,"Stop",0,1,0,"6",0,1016,101
"151",7,19,1,"Continue",10,1,1,"7",0,1017,101
"152",8,19,1,"Continue",10,1,1,"8",0,1018,101
"153",1,20,1,"Stop",0,1,0,"1",0,1011,101
"154",2,20,2,"Continue",10,1,1,"2",0,1012,101
"155",3,20,1,"Continue",10,1,1,"3",0,1013,101
"156",4,20,1,"Stop",0,1,0,"4",0,1014,101
"157",5,20,1,"Stop",0,1,0,"5",0,1015,101
"158",6,20,1,"Stop",0,1,0,"6",0,1016,101
"159",7,20,2,"Continue",10,1,1,"7",0,1017,101
"160",8,20,1,"Continue",10,1,1,"8",0,1018,101
"161",1,1,2,"Continue",10,2,1,"1",0,1021,102
"162",2,1,1,"Stop",0,2,0,"2",0,1022,102
"163",3,1,1,"Stop",0,2,0,"3",0,1023,102
"164",4,1,1,"Stop",0,2,0,"4",0,1024,102
"165",5,1,2,"Continue",10,2,1,"5",0,1025,102
"166",6,1,1,"Stop",0,2,0,"6",0,1026,102
"167",1,2,1,"Continue",10,2,1,"1",0,1021,102
"168",2,2,1,"Stop",0,2,0,"2",0,1022,102
"169",3,2,2,"Continue",10,2,1,"3",0,1023,102
"170",4,2,2,"Continue",10,2,1,"4",0,1024,102
"171",5,2,1,"Stop",0,2,0,"5",0,1025,102
"172",6,2,2,"Continue",10,2,1,"6",0,1026,102
"173",1,3,2,"Continue",10,2,1,"1",0,1021,102
"174",2,3,1,"Stop",0,2,0,"2",0,1022,102
"175",3,3,1,"Continue",10,2,1,"3",0,1023,102
"176",4,3,2,"Continue",10,2,1,"4",0,1024,102
"177",5,3,2,"Continue",10,2,1,"5",0,1025,102
"178",6,3,1,"Continue",10,2,1,"6",0,1026,102
"179",1,4,1,"Continue",10,2,1,"1",0,1021,102
"180",2,4,1,"Continue",10,2,1,"2",0,1022,102
"181",3,4,1,"Continue",10,2,1,"3",0,1023,102
"182",4,4,2,"Continue",10,2,1,"4",0,1024,102
"183",5,4,2,"Continue",10,2,1,"5",0,1025,102
"184",6,4,1,"Continue",10,2,1,"6",0,1026,102
"185",1,5,2,"Continue",10,2,1,"1",0,1021,102
"186",2,5,1,"Continue",10,2,1,"2",0,1022,102
"187",3,5,1,"Continue",10,2,1,"3",0,1023,102
"188",4,5,1,"Stop",0,2,0,"4",0,1024,102
"189",5,5,2,"Continue",10,2,1,"5",0,1025,102
"190",6,5,2,"Continue",10,2,1,"6",0,1026,102
"191",1,6,1,"Continue",10,2,1,"1",0,1021,102
"192",2,6,1,"Continue",10,2,1,"2",0,1022,102
"193",3,6,1,"Stop",0,2,0,"3",0,1023,102
"194",4,6,2,"Continue",10,2,1,"4",0,1024,102
"195",5,6,2,"Continue",10,2,1,"5",0,1025,102
"196",6,6,1,"Continue",10,2,1,"6",0,1026,102
"197",1,7,1,"Continue",10,2,1,"1",0,1021,102
"198",2,7,2,"Continue",10,2,1,"2",0,1022,102
"199",3,7,1,"Continue",10,2,1,"3",0,1023,102
"200",4,7,1,"Stop",0,2,0,"4",0,1024,102
"201",5,7,2,"Continue",10,2,1,"5",0,1025,102
"202",6,7,1,"Continue",10,2,1,"6",0,1026,102
"203",1,8,1,"Continue",10,2,1,"1",0,1021,102
"204",2,8,2,"Continue",10,2,1,"2",0,1022,102
"205",3,8,2,"Continue",10,2,1,"3",0,1023,102
"206",4,8,2,"Continue",10,2,1,"4",0,1024,102
"207",5,8,2,"Continue",10,2,1,"5",0,1025,102
"208",6,8,2,"Stop",0,2,0,"6",0,1026,102
"209",1,9,2,"Continue",10,2,1,"1",0,1021,102
"210",2,9,1,"Continue",10,2,1,"2",0,1022,102
"211",3,9,1,"Continue",10,2,1,"3",0,1023,102
"212",4,9,1,"Continue",10,2,1,"4",0,1024,102
"213",5,9,1,"Stop",0,2,0,"5",0,1025,102
"214",6,9,2,"Continue",10,2,1,"6",0,1026,102
"215",1,10,2,"Continue",10,2,1,"1",0,1021,102
"216",2,10,1,"Continue",10,2,1,"2",0,1022,102
"217",3,10,1,"Continue",10,2,1,"3",0,1023,102
"218",4,10,1,"Stop",0,2,0,"4",0,1024,102
"219",5,10,2,"Continue",10,2,1,"5",0,1025,102
"220",6,10,2,"Continue",10,2,1,"6",0,1026,102
"221",1,11,2,"Continue",10,2,1,"1",0,1021,102
"222",2,11,1,"Stop",0,2,0,"2",0,1022,102
"223",3,11,1,"Continue",10,2,1,"3",0,1023,102
"224",4,11,2,"Continue",10,2,1,"4",0,1024,102
"225",5,11,1,"Stop",0,2,0,"5",0,1025,102
"226",6,11,2,"Continue",10,2,1,"6",0,1026,102
"227",1,12,2,"Continue",10,2,1,"1",0,1021,102
"228",2,12,1,"Stop",0,2,0,"2",0,1022,102
"229",3,12,1,"Continue",10,2,1,"3",0,1023,102
"230",4,12,2,"Continue",10,2,1,"4",0,1024,102
"231",5,12,1,"Stop",0,2,0,"5",0,1025,102
"232",6,12,2,"Continue",10,2,1,"6",0,1026,102
"233",1,13,1,"Continue",10,2,1,"1",0,1021,102
"234",2,13,1,"Stop",0,2,0,"2",0,1022,102
"235",3,13,2,"Continue",10,2,1,"3",0,1023,102
"236",4,13,1,"Stop",0,2,0,"4",0,1024,102
"237",5,13,1,"Stop",0,2,0,"5",0,1025,102
"238",6,13,2,"Continue",10,2,1,"6",0,1026,102
"239",1,14,2,"Continue",10,2,1,"1",0,1021,102
"240",2,14,1,"Stop",0,2,0,"2",0,1022,102
"241",3,14,1,"Continue",10,2,1,"3",0,1023,102
"242",4,14,2,"Continue",10,2,1,"4",0,1024,102
"243",5,14,1,"Stop",0,2,0,"5",0,1025,102
"244",6,14,2,"Continue",10,2,1,"6",0,1026,102
"245",1,15,1,"Continue",10,2,1,"1",0,1021,102
"246",2,15,1,"Continue",10,2,1,"2",0,1022,102
"247",3,15,2,"Continue",10,2,1,"3",0,1023,102
"248",4,15,2,"Continue",10,2,1,"4",0,1024,102
"249",5,15,2,"Continue",10,2,1,"5",0,1025,102
"250",6,15,1,"Continue",10,2,1,"6",0,1026,102
"251",1,16,1,"Continue",10,2,1,"1",0,1021,102
"252",2,16,1,"Stop",0,2,0,"2",0,1022,102
"253",3,16,2,"Continue",10,2,1,"3",0,1023,102
"254",4,16,1,"Stop",0,2,0,"4",0,1024,102
"255",5,16,2,"Continue",10,2,1,"5",0,1025,102
"256",6,16,2,"Continue",10,2,1,"6",0,1026,102
"257",1,17,2,"Continue",10,2,1,"1",0,1021,102
"258",2,17,2,"Continue",10,2,1,"2",0,1022,102
"259",3,17,1,"Continue",10,2,1,"3",0,1023,102
"260",4,17,2,"Continue",10,2,1,"4",0,1024,102
"261",5,17,2,"Continue",10,2,1,"5",0,1025,102
"262",6,17,2,"Continue",10,2,1,"6",0,1026,102
"263",1,18,2,"Continue",10,2,1,"1",0,1021,102
"264",2,18,2,"Continue",10,2,1,"2",0,1022,102
"265",3,18,1,"Continue",10,2,1,"3",0,1023,102
"266",4,18,2,"Continue",10,2,1,"4",0,1024,102
"267",5,18,1,"Stop",0,2,0,"5",0,1025,102
"268",6,18,2,"Continue",10,2,1,"6",0,1026,102
"269",1,19,2,"Continue",10,2,1,"1",0,1021,102
"270",2,19,1,"Stop",0,2,0,"2",0,1022,102
"271",3,19,2,"Continue",10,2,1,"3",0,1023,102
"272",4,19,1,"Stop",0,2,0,"4",0,1024,102
"273",5,19,2,"Continue",10,2,1,"5",0,1025,102
"274",6,19,1,"Continue",10,2,1,"6",0,1026,102
"275",1,20,1,"Continue",10,2,1,"1",0,1021,102
"276",2,20,2,"Continue",10,2,1,"2",0,1022,102
"277",3,20,1,"Continue",10,2,1,"3",0,1023,102
"278",4,20,2,"Continue",10,2,1,"4",0,1024,102
"279",5,20,1,"Stop",0,2,0,"5",0,1025,102
"280",6,20,1,"Continue",10,2,1,"6",0,1026,102
"281",1,1,2,"Continue",10,3,1,"1",0,1031,103
"282",2,1,1,"Continue",10,3,1,"2",0,1032,103
"283",3,1,1,"Continue",10,3,1,"3",0,1033,103
"284",4,1,1,"Continue",10,3,1,"4",0,1034,103
"285",5,1,1,"Continue",10,3,1,"5",0,1035,103
"286",6,1,2,"Continue",10,3,1,"6",0,1036,103
"287",7,1,2,"Continue",10,3,1,"7",0,1037,103
"288",1,2,2,"Continue",10,3,1,"1",0,1031,103
"289",2,2,1,"Continue",10,3,1,"2",0,1032,103
"290",3,2,2,"Continue",10,3,1,"3",0,1033,103
"291",4,2,2,"Continue",10,3,1,"4",0,1034,103
"292",5,2,1,"Continue",10,3,1,"5",0,1035,103
"293",6,2,1,"Stop",0,3,0,"6",0,1036,103
"294",7,2,2,"Continue",10,3,1,"7",0,1037,103
"295",1,3,1,"Continue",10,3,1,"1",0,1031,103
"296",2,3,2,"Continue",10,3,1,"2",0,1032,103
"297",3,3,1,"Continue",10,3,1,"3",0,1033,103
"298",4,3,2,"Continue",10,3,1,"4",0,1034,103
"299",5,3,2,"Continue",10,3,1,"5",0,1035,103
"300",6,3,1,"Stop",0,3,0,"6",0,1036,103
"301",7,3,1,"Stop",0,3,0,"7",0,1037,103
"302",1,4,2,"Continue",10,3,1,"1",0,1031,103
"303",2,4,1,"Continue",10,3,1,"2",0,1032,103
"304",3,4,1,"Continue",10,3,1,"3",0,1033,103
"305",4,4,2,"Continue",10,3,1,"4",0,1034,103
"306",5,4,2,"Continue",10,3,1,"5",0,1035,103
"307",6,4,1,"Stop",0,3,0,"6",0,1036,103
"308",7,4,1,"Continue",10,3,1,"7",0,1037,103
"309",1,5,1,"Continue",10,3,1,"1",0,1031,103
"310",2,5,1,"Continue",10,3,1,"2",0,1032,103
"311",3,5,1,"Continue",10,3,1,"3",0,1033,103
"312",4,5,2,"Continue",10,3,1,"4",0,1034,103
"313",5,5,1,"Continue",10,3,1,"5",0,1035,103
"314",6,5,1,"Stop",0,3,0,"6",0,1036,103
"315",7,5,1,"Stop",0,3,0,"7",0,1037,103
"316",1,6,2,"Continue",10,3,1,"1",0,1031,103
"317",2,6,2,"Continue",10,3,1,"2",0,1032,103
"318",3,6,2,"Continue",10,3,1,"3",0,1033,103
"319",4,6,1,"Stop",0,3,0,"4",0,1034,103
"320",5,6,1,"Continue",10,3,1,"5",0,1035,103
"321",6,6,1,"Continue",10,3,1,"6",0,1036,103
"322",7,6,2,"Continue",10,3,1,"7",0,1037,103
"323",1,7,2,"Continue",10,3,1,"1",0,1031,103
"324",2,7,2,"Continue",10,3,1,"2",0,1032,103
"325",3,7,1,"Continue",10,3,1,"3",0,1033,103
"326",4,7,2,"Continue",10,3,1,"4",0,1034,103
"327",5,7,2,"Continue",10,3,1,"5",0,1035,103
"328",6,7,1,"Stop",0,3,0,"6",0,1036,103
"329",7,7,1,"Stop",0,3,0,"7",0,1037,103
"330",1,8,1,"Stop",0,3,0,"1",0,1031,103
"331",2,8,1,"Continue",10,3,1,"2",0,1032,103
"332",3,8,1,"Continue",10,3,1,"3",0,1033,103
"333",4,8,1,"Stop",0,3,0,"4",0,1034,103
"334",5,8,2,"Continue",10,3,1,"5",0,1035,103
"335",6,8,2,"Continue",10,3,1,"6",0,1036,103
"336",7,8,2,"Continue",10,3,1,"7",0,1037,103
"337",1,9,2,"Continue",10,3,1,"1",0,1031,103
"338",2,9,1,"Continue",10,3,1,"2",0,1032,103
"339",3,9,2,"Continue",10,3,1,"3",0,1033,103
"340",4,9,1,"Stop",0,3,0,"4",0,1034,103
"341",5,9,2,"Continue",10,3,1,"5",0,1035,103
"342",6,9,1,"Stop",0,3,0,"6",0,1036,103
"343",7,9,2,"Continue",10,3,1,"7",0,1037,103
"344",1,10,1,"Continue",10,3,1,"1",0,1031,103
"345",2,10,1,"Continue",10,3,1,"2",0,1032,103
"346",3,10,1,"Continue",10,3,1,"3",0,1033,103
"347",4,10,1,"Continue",10,3,1,"4",0,1034,103
"348",5,10,2,"Continue",10,3,1,"5",0,1035,103
"349",6,10,1,"Stop",0,3,0,"6",0,1036,103
"350",7,10,2,"Continue",10,3,1,"7",0,1037,103
"351",1,11,2,"Continue",10,3,1,"1",0,1031,103
"352",2,11,2,"Continue",10,3,1,"2",0,1032,103
"353",3,11,2,"Continue",10,3,1,"3",0,1033,103
"354",4,11,1,"Continue",10,3,1,"4",0,1034,103
"355",5,11,1,"Continue",10,3,1,"5",0,1035,103
"356",6,11,2,"Continue",10,3,1,"6",0,1036,103
"357",7,11,1,"Stop",0,3,0,"7",0,1037,103
"358",1,12,2,"Continue",10,3,1,"1",0,1031,103
"359",2,12,1,"Stop",0,3,0,"2",0,1032,103
"360",3,12,2,"Continue",10,3,1,"3",0,1033,103
"361",4,12,1,"Continue",10,3,1,"4",0,1034,103
"362",5,12,2,"Continue",10,3,1,"5",0,1035,103
"363",6,12,1,"Stop",0,3,0,"6",0,1036,103
"364",7,12,2,"Continue",10,3,1,"7",0,1037,103
"365",1,13,1,"Continue",10,3,1,"1",0,1031,103
"366",2,13,1,"Continue",10,3,1,"2",0,1032,103
"367",3,13,1,"Continue",10,3,1,"3",0,1033,103
"368",4,13,1,"Stop",0,3,0,"4",0,1034,103
"369",5,13,1,"Continue",10,3,1,"5",0,1035,103
"370",6,13,1,"Stop",0,3,0,"6",0,1036,103
"371",7,13,1,"Stop",0,3,0,"7",0,1037,103
"372",1,14,2,"Continue",10,3,1,"1",0,1031,103
"373",2,14,2,"Continue",10,3,1,"2",0,1032,103
"374",3,14,1,"Continue",10,3,1,"3",0,1033,103
"375",4,14,2,"Continue",10,3,1,"4",0,1034,103
"376",5,14,2,"Continue",10,3,1,"5",0,1035,103
"377",6,14,2,"Continue",10,3,1,"6",0,1036,103
"378",7,14,1,"Continue",10,3,1,"7",0,1037,103
"379",1,15,2,"Continue",10,3,1,"1",0,1031,103
"380",2,15,2,"Continue",10,3,1,"2",0,1032,103
"381",3,15,1,"Continue",10,3,1,"3",0,1033,103
"382",4,15,2,"Continue",10,3,1,"4",0,1034,103
"383",5,15,2,"Continue",10,3,1,"5",0,1035,103
"384",6,15,2,"Continue",10,3,1,"6",0,1036,103
"385",7,15,1,"Stop",0,3,0,"7",0,1037,103
"386",1,16,1,"Continue",10,3,1,"1",0,1031,103
"387",2,16,2,"Continue",10,3,1,"2",0,1032,103
"388",3,16,2,"Continue",10,3,1,"3",0,1033,103
"389",4,16,1,"Stop",0,3,0,"4",0,1034,103
"390",5,16,1,"Continue",10,3,1,"5",0,1035,103
"391",6,16,1,"Stop",0,3,0,"6",0,1036,103
"392",7,16,2,"Continue",10,3,1,"7",0,1037,103
"393",1,17,2,"Continue",10,3,1,"1",0,1031,103
"394",2,17,1,"Continue",10,3,1,"2",0,1032,103
"395",3,17,1,"Continue",10,3,1,"3",0,1033,103
"396",4,17,2,"Continue",10,3,1,"4",0,1034,103
"397",5,17,1,"Continue",10,3,1,"5",0,1035,103
"398",6,17,2,"Continue",10,3,1,"6",0,1036,103
"399",7,17,1,"Continue",10,3,1,"7",0,1037,103
"400",1,18,1,"Continue",10,3,1,"1",0,1031,103
"401",2,18,2,"Continue",10,3,1,"2",0,1032,103
"402",3,18,1,"Continue",10,3,1,"3",0,1033,103
"403",4,18,2,"Continue",10,3,1,"4",0,1034,103
"404",5,18,2,"Continue",10,3,1,"5",0,1035,103
"405",6,18,1,"Stop",0,3,0,"6",0,1036,103
"406",7,18,2,"Continue",10,3,1,"7",0,1037,103
"407",1,19,2,"Continue",10,3,1,"1",0,1031,103
"408",2,19,1,"Continue",10,3,1,"2",0,1032,103
"409",3,19,2,"Continue",10,3,1,"3",0,1033,103
"410",4,19,2,"Continue",10,3,1,"4",0,1034,103
"411",5,19,1,"Continue",10,3,1,"5",0,1035,103
"412",6,19,1,"Stop",0,3,0,"6",0,1036,103
"413",7,19,2,"Continue",10,3,1,"7",0,1037,103
"414",1,20,1,"Continue",10,3,1,"1",0,1031,103
"415",2,20,1,"Continue",10,3,1,"2",0,1032,103
"416",3,20,1,"Continue",10,3,1,"3",0,1033,103
"417",4,20,1,"Stop",0,3,0,"4",0,1034,103
"418",5,20,2,"Continue",10,3,1,"5",0,1035,103
"419",6,20,1,"Stop",0,3,0,"6",0,1036,103
"420",7,20,1,"Stop",0,3,0,"7",0,1037,103
"421",1,1,2,"Continue",10,1,1,NA,1,2011,201
"422",2,1,2,"Continue",10,1,1,NA,1,2012,201
"423",3,1,2,"Continue",10,1,1,NA,1,2013,201
"424",4,1,2,"Continue",10,1,1,NA,1,2014,201
"425",5,1,2,"Continue",10,1,1,NA,1,2015,201
"426",6,1,2,"Continue",10,1,1,NA,1,2016,201
"427",7,1,2,"Continue",10,1,1,NA,1,2017,201
"428",8,1,2,"Continue",10,1,1,NA,1,2018,201
"429",9,1,2,"Continue",10,1,1,NA,1,2019,201
"430",1,2,1,"Continue",10,1,1,NA,1,2011,201
"431",2,2,1,"Continue",10,1,1,NA,1,2012,201
"432",3,2,1,"Continue",15,1,1,NA,1,2013,201
"433",4,2,1,"Continue",10,1,1,NA,1,2014,201
"434",5,2,1,"Continue",10,1,1,NA,1,2015,201
"435",6,2,1,"Continue",10,1,1,NA,1,2016,201
"436",7,2,1,"Continue",10,1,1,NA,1,2017,201
"437",8,2,1,"Continue",15,1,1,NA,1,2018,201
"438",9,2,1,"Stop",0,1,0,NA,1,2019,201
"439",1,3,1,"Continue",10,1,1,NA,1,2011,201
"440",2,3,1,"Continue",10,1,1,NA,1,2012,201
"441",3,3,2,"Stop",0,1,0,NA,1,2013,201
"442",4,3,2,"Continue",30,1,1,NA,1,2014,201
"443",5,3,1,"Continue",10,1,1,NA,1,2015,201
"444",6,3,2,"Continue",10,1,1,NA,1,2016,201
"445",7,3,2,"Continue",10,1,1,NA,1,2017,201
"446",8,3,2,"Stop",0,1,0,NA,1,2018,201
"447",9,3,2,"Continue",10,1,1,NA,1,2019,201
"448",1,4,2,"Continue",10,1,1,NA,1,2011,201
"449",2,4,2,"Continue",10,1,1,NA,1,2012,201
"450",3,4,1,"Continue",15,1,1,NA,1,2013,201
"451",4,4,2,"Continue",10,1,1,NA,1,2014,201
"452",5,4,1,"Continue",15,1,1,NA,1,2015,201
"453",6,4,2,"Continue",10,1,1,NA,1,2016,201
"454",7,4,2,"Continue",10,1,1,NA,1,2017,201
"455",8,4,2,"Continue",10,1,1,NA,1,2018,201
"456",9,4,1,"Stop",0,1,0,NA,1,2019,201
"457",1,5,2,"Continue",10,1,1,NA,1,2011,201
"458",2,5,2,"Continue",10,1,1,NA,1,2012,201
"459",3,5,2,"Continue",10,1,1,NA,1,2013,201
"460",4,5,1,"Continue",15,1,1,NA,1,2014,201
"461",5,5,2,"Continue",10,1,1,NA,1,2015,201
"462",6,5,2,"Continue",10,1,1,NA,1,2016,201
"463",7,5,2,"Continue",10,1,1,NA,1,2017,201
"464",8,5,1,"Continue",15,1,1,NA,1,2018,201
"465",9,5,1,"Stop",0,1,0,NA,1,2019,201
"466",1,6,1,"Continue",15,1,1,NA,1,2011,201
"467",2,6,1,"Continue",15,1,1,NA,1,2012,201
"468",3,6,2,"Continue",10,1,1,NA,1,2013,201
"469",4,6,2,"Continue",10,1,1,NA,1,2014,201
"470",5,6,2,"Continue",10,1,1,NA,1,2015,201
"471",6,6,1,"Continue",10,1,1,NA,1,2016,201
"472",7,6,1,"Continue",10,1,1,NA,1,2017,201
"473",8,6,1,"Continue",10,1,1,NA,1,2018,201
"474",9,6,1,"Stop",0,1,0,NA,1,2019,201
"475",1,7,2,"Continue",10,1,1,NA,1,2011,201
"476",2,7,1,"Continue",10,1,1,NA,1,2012,201
"477",3,7,2,"Continue",10,1,1,NA,1,2013,201
"478",4,7,2,"Continue",10,1,1,NA,1,2014,201
"479",5,7,1,"Continue",10,1,1,NA,1,2015,201
"480",6,7,1,"Continue",10,1,1,NA,1,2016,201
"481",7,7,1,"Continue",10,1,1,NA,1,2017,201
"482",8,7,1,"Continue",10,1,1,NA,1,2018,201
"483",9,7,1,"Continue",10,1,1,NA,1,2019,201
"484",1,8,2,"Continue",10,1,1,NA,1,2011,201
"485",2,8,2,"Continue",10,1,1,NA,1,2012,201
"486",3,8,2,"Continue",10,1,1,NA,1,2013,201
"487",4,8,1,"Continue",10,1,1,NA,1,2014,201
"488",5,8,2,"Continue",10,1,1,NA,1,2015,201
"489",6,8,1,"Continue",10,1,1,NA,1,2016,201
"490",7,8,2,"Continue",10,1,1,NA,1,2017,201
"491",8,8,1,"Continue",10,1,1,NA,1,2018,201
"492",9,8,2,"Continue",10,1,1,NA,1,2019,201
"493",1,9,1,"Continue",15,1,1,NA,1,2011,201
"494",2,9,2,"Continue",10,1,1,NA,1,2012,201
"495",3,9,1,"Stop",0,1,0,NA,1,2013,201
"496",4,9,1,"Continue",10,1,1,NA,1,2014,201
"497",5,9,1,"Continue",10,1,1,NA,1,2015,201
"498",6,9,1,"Continue",15,1,1,NA,1,2016,201
"499",7,9,1,"Continue",10,1,1,NA,1,2017,201
"500",8,9,2,"Continue",10,1,1,NA,1,2018,201
"501",9,9,2,"Continue",10,1,1,NA,1,2019,201
"502",1,10,1,"Continue",15,1,1,NA,1,2011,201
"503",2,10,2,"Continue",10,1,1,NA,1,2012,201
"504",3,10,1,"Continue",15,1,1,NA,1,2013,201
"505",4,10,2,"Continue",10,1,1,NA,1,2014,201
"506",5,10,1,"Continue",30,1,1,NA,1,2015,201
"507",6,10,2,"Continue",10,1,1,NA,1,2016,201
"508",7,10,1,"Stop",0,1,0,NA,1,2017,201
"509",8,10,1,"Stop",0,1,0,NA,1,2018,201
"510",9,10,1,"Stop",0,1,0,NA,1,2019,201
"511",1,11,1,"Continue",10,1,1,NA,1,2011,201
"512",2,11,2,"Continue",10,1,1,NA,1,2012,201
"513",3,11,2,"Continue",10,1,1,NA,1,2013,201
"514",4,11,1,"Continue",10,1,1,NA,1,2014,201
"515",5,11,1,"Continue",15,1,1,NA,1,2015,201
"516",6,11,1,"Continue",10,1,1,NA,1,2016,201
"517",7,11,1,"Stop",0,1,0,NA,1,2017,201
"518",8,11,1,"Continue",15,1,1,NA,1,2018,201
"519",9,11,2,"Continue",10,1,1,NA,1,2019,201
"520",1,12,1,"Continue",10,1,1,NA,1,2011,201
"521",2,12,2,"Continue",10,1,1,NA,1,2012,201
"522",3,12,1,"Continue",15,1,1,NA,1,2013,201
"523",4,12,1,"Continue",10,1,1,NA,1,2014,201
"524",5,12,2,"Continue",10,1,1,NA,1,2015,201
"525",6,12,1,"Continue",15,1,1,NA,1,2016,201
"526",7,12,1,"Continue",10,1,1,NA,1,2017,201
"527",8,12,2,"Continue",10,1,1,NA,1,2018,201
"528",9,12,1,"Stop",0,1,0,NA,1,2019,201
"529",1,13,1,"Continue",10,1,1,NA,1,2011,201
"530",2,13,1,"Continue",30,1,1,NA,1,2012,201
"531",3,13,1,"Continue",10,1,1,NA,1,2013,201
"532",4,13,1,"Continue",10,1,1,NA,1,2014,201
"533",5,13,1,"Stop",0,1,0,NA,1,2015,201
"534",6,13,1,"Continue",10,1,1,NA,1,2016,201
"535",7,13,1,"Continue",10,1,1,NA,1,2017,201
"536",8,13,1,"Continue",10,1,1,NA,1,2018,201
"537",9,13,1,"Stop",0,1,0,NA,1,2019,201
"538",1,14,2,"Continue",10,1,1,NA,1,2011,201
"539",2,14,2,"Continue",10,1,1,NA,1,2012,201
"540",3,14,1,"Continue",10,1,1,NA,1,2013,201
"541",4,14,2,"Continue",10,1,1,NA,1,2014,201
"542",5,14,2,"Continue",10,1,1,NA,1,2015,201
"543",6,14,1,"Continue",10,1,1,NA,1,2016,201
"544",7,14,2,"Continue",10,1,1,NA,1,2017,201
"545",8,14,1,"Continue",10,1,1,NA,1,2018,201
"546",9,14,2,"Continue",10,1,1,NA,1,2019,201
"547",1,15,1,"Continue",15,1,1,NA,1,2011,201
"548",2,15,1,"Continue",10,1,1,NA,1,2012,201
"549",3,15,1,"Continue",15,1,1,NA,1,2013,201
"550",4,15,1,"Continue",10,1,1,NA,1,2014,201
"551",5,15,1,"Stop",0,1,0,NA,1,2015,201
"552",6,15,1,"Continue",15,1,1,NA,1,2016,201
"553",7,15,1,"Continue",15,1,1,NA,1,2017,201
"554",8,15,1,"Continue",10,1,1,NA,1,2018,201
"555",9,15,1,"Stop",0,1,0,NA,1,2019,201
"556",1,16,1,"Continue",10,1,1,NA,1,2011,201
"557",2,16,2,"Continue",10,1,1,NA,1,2012,201
"558",3,16,2,"Stop",0,1,0,NA,1,2013,201
"559",4,16,2,"Continue",15,1,1,NA,1,2014,201
"560",5,16,1,"Continue",10,1,1,NA,1,2015,201
"561",6,16,2,"Continue",10,1,1,NA,1,2016,201
"562",7,16,1,"Continue",10,1,1,NA,1,2017,201
"563",8,16,2,"Continue",10,1,1,NA,1,2018,201
"564",9,16,2,"Continue",15,1,1,NA,1,2019,201
"565",1,17,1,"Continue",15,1,1,NA,1,2011,201
"566",2,17,1,"Continue",15,1,1,NA,1,2012,201
"567",3,17,2,"Continue",10,1,1,NA,1,2013,201
"568",4,17,2,"Continue",10,1,1,NA,1,2014,201
"569",5,17,1,"Stop",0,1,0,NA,1,2015,201
"570",6,17,1,"Continue",15,1,1,NA,1,2016,201
"571",7,17,2,"Continue",10,1,1,NA,1,2017,201
"572",8,17,1,"Continue",15,1,1,NA,1,2018,201
"573",9,17,1,"Stop",0,1,0,NA,1,2019,201
"574",1,18,2,"Continue",10,1,1,NA,1,2011,201
"575",2,18,2,"Continue",10,1,1,NA,1,2012,201
"576",3,18,2,"Continue",10,1,1,NA,1,2013,201
"577",4,18,1,"Continue",10,1,1,NA,1,2014,201
"578",5,18,2,"Continue",10,1,1,NA,1,2015,201
"579",6,18,1,"Continue",10,1,1,NA,1,2016,201
"580",7,18,1,"Continue",10,1,1,NA,1,2017,201
"581",8,18,2,"Continue",10,1,1,NA,1,2018,201
"582",9,18,2,"Continue",10,1,1,NA,1,2019,201
"583",1,19,2,"Continue",10,1,1,NA,1,2011,201
"584",2,19,2,"Continue",10,1,1,NA,1,2012,201
"585",3,19,2,"Continue",10,1,1,NA,1,2013,201
"586",4,19,2,"Continue",10,1,1,NA,1,2014,201
"587",5,19,2,"Continue",10,1,1,NA,1,2015,201
"588",6,19,2,"Continue",10,1,1,NA,1,2016,201
"589",7,19,2,"Continue",10,1,1,NA,1,2017,201
"590",8,19,2,"Continue",10,1,1,NA,1,2018,201
"591",9,19,2,"Continue",10,1,1,NA,1,2019,201
"592",1,20,1,"Continue",10,1,1,NA,1,2011,201
"593",2,20,1,"Continue",15,1,1,NA,1,2012,201
"594",3,20,1,"Stop",0,1,0,NA,1,2013,201
"595",4,20,1,"Continue",15,1,1,NA,1,2014,201
"596",5,20,1,"Continue",15,1,1,NA,1,2015,201
"597",6,20,1,"Continue",10,1,1,NA,1,2016,201
"598",7,20,1,"Continue",15,1,1,NA,1,2017,201
"599",8,20,1,"Continue",10,1,1,NA,1,2018,201
"600",9,20,1,"Stop",0,1,0,NA,1,2019,201
"601",1,1,2,"Continue",10,2,1,NA,1,2021,202
"602",2,1,2,"Continue",10,2,1,NA,1,2022,202
"603",3,1,2,"Continue",10,2,1,NA,1,2023,202
"604",4,1,2,"Continue",10,2,1,NA,1,2024,202
"605",5,1,2,"Continue",10,2,1,NA,1,2025,202
"606",6,1,2,"Continue",10,2,1,NA,1,2026,202
"607",7,1,1,"Continue",10,2,1,NA,1,2027,202
"608",8,1,1,"Continue",10,2,1,NA,1,2028,202
"609",9,1,1,"Continue",10,2,1,NA,1,2029,202
"610",1,2,2,"Continue",10,2,1,NA,1,2021,202
"611",2,2,2,"Continue",10,2,1,NA,1,2022,202
"612",3,2,2,"Continue",10,2,1,NA,1,2023,202
"613",4,2,2,"Continue",10,2,1,NA,1,2024,202
"614",5,2,2,"Continue",10,2,1,NA,1,2025,202
"615",6,2,2,"Continue",10,2,1,NA,1,2026,202
"616",7,2,2,"Continue",10,2,1,NA,1,2027,202
"617",8,2,2,"Continue",10,2,1,NA,1,2028,202
"618",9,2,2,"Continue",10,2,1,NA,1,2029,202
"619",1,3,1,"Continue",10,2,1,NA,1,2021,202
"620",2,3,1,"Continue",10,2,1,NA,1,2022,202
"621",3,3,2,"Continue",10,2,1,NA,1,2023,202
"622",4,3,2,"Continue",10,2,1,NA,1,2024,202
"623",5,3,1,"Continue",10,2,1,NA,1,2025,202
"624",6,3,1,"Stop",0,2,0,NA,1,2026,202
"625",7,3,1,"Continue",15,2,1,NA,1,2027,202
"626",8,3,2,"Continue",10,2,1,NA,1,2028,202
"627",9,3,1,"Continue",15,2,1,NA,1,2029,202
"628",1,4,2,"Continue",10,2,1,NA,1,2021,202
"629",2,4,2,"Continue",10,2,1,NA,1,2022,202
"630",3,4,1,"Continue",10,2,1,NA,1,2023,202
"631",4,4,1,"Continue",10,2,1,NA,1,2024,202
"632",5,4,1,"Continue",10,2,1,NA,1,2025,202
"633",6,4,2,"Continue",10,2,1,NA,1,2026,202
"634",7,4,1,"Continue",10,2,1,NA,1,2027,202
"635",8,4,1,"Continue",10,2,1,NA,1,2028,202
"636",9,4,1,"Continue",10,2,1,NA,1,2029,202
"637",1,5,2,"Continue",10,2,1,NA,1,2021,202
"638",2,5,2,"Continue",10,2,1,NA,1,2022,202
"639",3,5,2,"Continue",10,2,1,NA,1,2023,202
"640",4,5,2,"Continue",10,2,1,NA,1,2024,202
"641",5,5,2,"Continue",10,2,1,NA,1,2025,202
"642",6,5,2,"Continue",10,2,1,NA,1,2026,202
"643",7,5,2,"Continue",10,2,1,NA,1,2027,202
"644",8,5,2,"Continue",10,2,1,NA,1,2028,202
"645",9,5,2,"Continue",10,2,1,NA,1,2029,202
"646",1,6,2,"Continue",10,2,1,NA,1,2021,202
"647",2,6,2,"Continue",10,2,1,NA,1,2022,202
"648",3,6,2,"Continue",10,2,1,NA,1,2023,202
"649",4,6,2,"Continue",10,2,1,NA,1,2024,202
"650",5,6,2,"Continue",10,2,1,NA,1,2025,202
"651",6,6,1,"Continue",10,2,1,NA,1,2026,202
"652",7,6,1,"Continue",10,2,1,NA,1,2027,202
"653",8,6,1,"Continue",10,2,1,NA,1,2028,202
"654",9,6,2,"Continue",10,2,1,NA,1,2029,202
"655",1,7,1,"Continue",10,2,1,NA,1,2021,202
"656",2,7,1,"Continue",10,2,1,NA,1,2022,202
"657",3,7,1,"Continue",10,2,1,NA,1,2023,202
"658",4,7,1,"Continue",10,2,1,NA,1,2024,202
"659",5,7,2,"Continue",10,2,1,NA,1,2025,202
"660",6,7,2,"Continue",10,2,1,NA,1,2026,202
"661",7,7,1,"Continue",10,2,1,NA,1,2027,202
"662",8,7,1,"Continue",10,2,1,NA,1,2028,202
"663",9,7,2,"Continue",10,2,1,NA,1,2029,202
"664",1,8,2,"Continue",10,2,1,NA,1,2021,202
"665",2,8,2,"Continue",10,2,1,NA,1,2022,202
"666",3,8,2,"Continue",10,2,1,NA,1,2023,202
"667",4,8,2,"Continue",10,2,1,NA,1,2024,202
"668",5,8,2,"Continue",10,2,1,NA,1,2025,202
"669",6,8,2,"Continue",10,2,1,NA,1,2026,202
"670",7,8,2,"Continue",10,2,1,NA,1,2027,202
"671",8,8,2,"Continue",10,2,1,NA,1,2028,202
"672",9,8,2,"Continue",10,2,1,NA,1,2029,202
"673",1,9,2,"Continue",10,2,1,NA,1,2021,202
"674",2,9,2,"Continue",15,2,1,NA,1,2022,202
"675",3,9,2,"Continue",10,2,1,NA,1,2023,202
"676",4,9,1,"Stop",0,2,0,NA,1,2024,202
"677",5,9,1,"Stop",0,2,0,NA,1,2025,202
"678",6,9,2,"Continue",10,2,1,NA,1,2026,202
"679",7,9,1,"Continue",30,2,1,NA,1,2027,202
"680",8,9,2,"Stop",0,2,0,NA,1,2028,202
"681",9,9,2,"Continue",15,2,1,NA,1,2029,202
"682",1,10,2,"Continue",10,2,1,NA,1,2021,202
"683",2,10,2,"Continue",10,2,1,NA,1,2022,202
"684",3,10,2,"Continue",10,2,1,NA,1,2023,202
"685",4,10,2,"Continue",10,2,1,NA,1,2024,202
"686",5,10,1,"Stop",0,2,0,NA,1,2025,202
"687",6,10,2,"Continue",10,2,1,NA,1,2026,202
"688",7,10,1,"Continue",15,2,1,NA,1,2027,202
"689",8,10,2,"Continue",10,2,1,NA,1,2028,202
"690",9,10,1,"Continue",15,2,1,NA,1,2029,202
"691",1,11,1,"Continue",10,2,1,NA,1,2021,202
"692",2,11,1,"Continue",10,2,1,NA,1,2022,202
"693",3,11,1,"Continue",10,2,1,NA,1,2023,202
"694",4,11,1,"Continue",10,2,1,NA,1,2024,202
"695",5,11,1,"Stop",0,2,0,NA,1,2025,202
"696",6,11,1,"Continue",10,2,1,NA,1,2026,202
"697",7,11,1,"Continue",15,2,1,NA,1,2027,202
"698",8,11,1,"Continue",15,2,1,NA,1,2028,202
"699",9,11,1,"Continue",10,2,1,NA,1,2029,202
"700",1,12,2,"Continue",10,2,1,NA,1,2021,202
"701",2,12,2,"Continue",10,2,1,NA,1,2022,202
"702",3,12,1,"Continue",10,2,1,NA,1,2023,202
"703",4,12,2,"Continue",10,2,1,NA,1,2024,202
"704",5,12,2,"Continue",10,2,1,NA,1,2025,202
"705",6,12,1,"Continue",10,2,1,NA,1,2026,202
"706",7,12,2,"Continue",10,2,1,NA,1,2027,202
"707",8,12,2,"Continue",10,2,1,NA,1,2028,202
"708",9,12,1,"Continue",10,2,1,NA,1,2029,202
"709",1,13,1,"Continue",10,2,1,NA,1,2021,202
"710",2,13,1,"Stop",0,2,0,NA,1,2022,202
"711",3,13,2,"Continue",10,2,1,NA,1,2023,202
"712",4,13,1,"Continue",10,2,1,NA,1,2024,202
"713",5,13,1,"Continue",15,2,1,NA,1,2025,202
"714",6,13,2,"Continue",10,2,1,NA,1,2026,202
"715",7,13,2,"Continue",10,2,1,NA,1,2027,202
"716",8,13,1,"Continue",10,2,1,NA,1,2028,202
"717",9,13,1,"Continue",15,2,1,NA,1,2029,202
"718",1,14,1,"Continue",10,2,1,NA,1,2021,202
"719",2,14,1,"Continue",10,2,1,NA,1,2022,202
"720",3,14,1,"Continue",10,2,1,NA,1,2023,202
"721",4,14,1,"Continue",10,2,1,NA,1,2024,202
"722",5,14,1,"Continue",10,2,1,NA,1,2025,202
"723",6,14,1,"Continue",10,2,1,NA,1,2026,202
"724",7,14,1,"Continue",10,2,1,NA,1,2027,202
"725",8,14,1,"Continue",10,2,1,NA,1,2028,202
"726",9,14,1,"Continue",10,2,1,NA,1,2029,202
"727",1,15,2,"Continue",10,2,1,NA,1,2021,202
"728",2,15,1,"Continue",10,2,1,NA,1,2022,202
"729",3,15,1,"Continue",10,2,1,NA,1,2023,202
"730",4,15,1,"Continue",10,2,1,NA,1,2024,202
"731",5,15,2,"Continue",10,2,1,NA,1,2025,202
"732",6,15,2,"Continue",10,2,1,NA,1,2026,202
"733",7,15,1,"Continue",10,2,1,NA,1,2027,202
"734",8,15,1,"Continue",10,2,1,NA,1,2028,202
"735",9,15,1,"Continue",10,2,1,NA,1,2029,202
"736",1,16,1,"Continue",10,2,1,NA,1,2021,202
"737",2,16,1,"Continue",10,2,1,NA,1,2022,202
"738",3,16,1,"Continue",10,2,1,NA,1,2023,202
"739",4,16,1,"Continue",10,2,1,NA,1,2024,202
"740",5,16,1,"Continue",10,2,1,NA,1,2025,202
"741",6,16,1,"Continue",10,2,1,NA,1,2026,202
"742",7,16,1,"Continue",10,2,1,NA,1,2027,202
"743",8,16,1,"Continue",10,2,1,NA,1,2028,202
"744",9,16,1,"Continue",10,2,1,NA,1,2029,202
"745",1,17,2,"Continue",10,2,1,NA,1,2021,202
"746",2,17,2,"Continue",10,2,1,NA,1,2022,202
"747",3,17,2,"Continue",10,2,1,NA,1,2023,202
"748",4,17,2,"Continue",10,2,1,NA,1,2024,202
"749",5,17,2,"Continue",10,2,1,NA,1,2025,202
"750",6,17,2,"Continue",10,2,1,NA,1,2026,202
"751",7,17,2,"Continue",10,2,1,NA,1,2027,202
"752",8,17,2,"Continue",10,2,1,NA,1,2028,202
"753",9,17,2,"Continue",10,2,1,NA,1,2029,202
"754",1,18,1,"Continue",10,2,1,NA,1,2021,202
"755",2,18,2,"Continue",10,2,1,NA,1,2022,202
"756",3,18,2,"Continue",10,2,1,NA,1,2023,202
"757",4,18,2,"Continue",10,2,1,NA,1,2024,202
"758",5,18,1,"Continue",10,2,1,NA,1,2025,202
"759",6,18,2,"Continue",10,2,1,NA,1,2026,202
"760",7,18,2,"Continue",10,2,1,NA,1,2027,202
"761",8,18,2,"Continue",10,2,1,NA,1,2028,202
"762",9,18,1,"Continue",10,2,1,NA,1,2029,202
"763",1,19,2,"Continue",10,2,1,NA,1,2021,202
"764",2,19,1,"Continue",10,2,1,NA,1,2022,202
"765",3,19,1,"Continue",10,2,1,NA,1,2023,202
"766",4,19,1,"Continue",10,2,1,NA,1,2024,202
"767",5,19,2,"Continue",10,2,1,NA,1,2025,202
"768",6,19,2,"Continue",10,2,1,NA,1,2026,202
"769",7,19,2,"Continue",10,2,1,NA,1,2027,202
"770",8,19,2,"Continue",10,2,1,NA,1,2028,202
"771",9,19,2,"Continue",10,2,1,NA,1,2029,202
"772",1,20,2,"Continue",10,2,1,NA,1,2021,202
"773",2,20,2,"Continue",10,2,1,NA,1,2022,202
"774",3,20,2,"Continue",10,2,1,NA,1,2023,202
"775",4,20,2,"Continue",10,2,1,NA,1,2024,202
"776",5,20,2,"Continue",10,2,1,NA,1,2025,202
"777",6,20,2,"Continue",10,2,1,NA,1,2026,202
"778",7,20,2,"Continue",10,2,1,NA,1,2027,202
"779",8,20,2,"Continue",10,2,1,NA,1,2028,202
"780",9,20,2,"Continue",10,2,1,NA,1,2029,202
"781",1,1,2,"Continue",10,3,1,NA,1,2031,203
"782",2,1,2,"Continue",10,3,1,NA,1,2032,203
"783",3,1,2,"Continue",10,3,1,NA,1,2033,203
"784",4,1,1,"Continue",10,3,1,NA,1,2034,203
"785",5,1,1,"Continue",10,3,1,NA,1,2035,203
"786",6,1,1,"Continue",10,3,1,NA,1,2036,203
"787",7,1,1,"Continue",10,3,1,NA,1,2037,203
"788",8,1,1,"Continue",10,3,1,NA,1,2038,203
"789",9,1,1,"Continue",10,3,1,NA,1,2039,203
"790",1,2,2,"Continue",10,3,1,NA,1,2031,203
"791",2,2,2,"Continue",10,3,1,NA,1,2032,203
"792",3,2,2,"Continue",10,3,1,NA,1,2033,203
"793",4,2,2,"Continue",10,3,1,NA,1,2034,203
"794",5,2,1,"Continue",10,3,1,NA,1,2035,203
"795",6,2,1,"Continue",10,3,1,NA,1,2036,203
"796",7,2,1,"Continue",10,3,1,NA,1,2037,203
"797",8,2,2,"Continue",10,3,1,NA,1,2038,203
"798",9,2,2,"Continue",10,3,1,NA,1,2039,203
"799",1,3,2,"Continue",10,3,1,NA,1,2031,203
"800",2,3,2,"Continue",10,3,1,NA,1,2032,203
"801",3,3,2,"Continue",10,3,1,NA,1,2033,203
"802",4,3,2,"Continue",10,3,1,NA,1,2034,203
"803",5,3,2,"Continue",10,3,1,NA,1,2035,203
"804",6,3,2,"Continue",10,3,1,NA,1,2036,203
"805",7,3,2,"Continue",10,3,1,NA,1,2037,203
"806",8,3,2,"Continue",10,3,1,NA,1,2038,203
"807",9,3,2,"Continue",10,3,1,NA,1,2039,203
"808",1,4,1,"Continue",10,3,1,NA,1,2031,203
"809",2,4,1,"Continue",10,3,1,NA,1,2032,203
"810",3,4,2,"Continue",10,3,1,NA,1,2033,203
"811",4,4,2,"Continue",10,3,1,NA,1,2034,203
"812",5,4,2,"Continue",10,3,1,NA,1,2035,203
"813",6,4,1,"Continue",10,3,1,NA,1,2036,203
"814",7,4,2,"Continue",10,3,1,NA,1,2037,203
"815",8,4,2,"Continue",10,3,1,NA,1,2038,203
"816",9,4,2,"Continue",10,3,1,NA,1,2039,203
"817",1,5,2,"Continue",10,3,1,NA,1,2031,203
"818",2,5,2,"Continue",10,3,1,NA,1,2032,203
"819",3,5,2,"Continue",10,3,1,NA,1,2033,203
"820",4,5,1,"Continue",15,3,1,NA,1,2034,203
"821",5,5,2,"Continue",10,3,1,NA,1,2035,203
"822",6,5,2,"Continue",10,3,1,NA,1,2036,203
"823",7,5,2,"Continue",10,3,1,NA,1,2037,203
"824",8,5,1,"Stop",0,3,0,NA,1,2038,203
"825",9,5,1,"Continue",15,3,1,NA,1,2039,203
"826",1,6,2,"Continue",10,3,1,NA,1,2031,203
"827",2,6,2,"Continue",10,3,1,NA,1,2032,203
"828",3,6,1,"Continue",10,3,1,NA,1,2033,203
"829",4,6,1,"Continue",10,3,1,NA,1,2034,203
"830",5,6,1,"Continue",10,3,1,NA,1,2035,203
"831",6,6,1,"Continue",15,3,1,NA,1,2036,203
"832",7,6,1,"Continue",15,3,1,NA,1,2037,203
"833",8,6,1,"Stop",0,3,0,NA,1,2038,203
"834",9,6,2,"Continue",10,3,1,NA,1,2039,203
"835",1,7,2,"Continue",10,3,1,NA,1,2031,203
"836",2,7,1,"Continue",15,3,1,NA,1,2032,203
"837",3,7,2,"Continue",10,3,1,NA,1,2033,203
"838",4,7,2,"Continue",10,3,1,NA,1,2034,203
"839",5,7,2,"Continue",10,3,1,NA,1,2035,203
"840",6,7,2,"Continue",10,3,1,NA,1,2036,203
"841",7,7,1,"Continue",15,3,1,NA,1,2037,203
"842",8,7,1,"Stop",0,3,0,NA,1,2038,203
"843",9,7,2,"Continue",10,3,1,NA,1,2039,203
"844",1,8,2,"Continue",10,3,1,NA,1,2031,203
"845",2,8,1,"Continue",15,3,1,NA,1,2032,203
"846",3,8,2,"Continue",10,3,1,NA,1,2033,203
"847",4,8,2,"Continue",10,3,1,NA,1,2034,203
"848",5,8,2,"Continue",10,3,1,NA,1,2035,203
"849",6,8,2,"Continue",10,3,1,NA,1,2036,203
"850",7,8,1,"Continue",15,3,1,NA,1,2037,203
"851",8,8,2,"Continue",10,3,1,NA,1,2038,203
"852",9,8,1,"Stop",0,3,0,NA,1,2039,203
"853",1,9,2,"Continue",10,3,1,NA,1,2031,203
"854",2,9,1,"Continue",15,3,1,NA,1,2032,203
"855",3,9,2,"Continue",10,3,1,NA,1,2033,203
"856",4,9,2,"Continue",10,3,1,NA,1,2034,203
"857",5,9,2,"Continue",10,3,1,NA,1,2035,203
"858",6,9,2,"Continue",10,3,1,NA,1,2036,203
"859",7,9,2,"Continue",10,3,1,NA,1,2037,203
"860",8,9,1,"Stop",0,3,0,NA,1,2038,203
"861",9,9,1,"Continue",15,3,1,NA,1,2039,203
"862",1,10,1,"Continue",15,3,1,NA,1,2031,203
"863",2,10,2,"Continue",10,3,1,NA,1,2032,203
"864",3,10,1,"Continue",15,3,1,NA,1,2033,203
"865",4,10,2,"Continue",10,3,1,NA,1,2034,203
"866",5,10,1,"Continue",10,3,1,NA,1,2035,203
"867",6,10,2,"Continue",10,3,1,NA,1,2036,203
"868",7,10,1,"Continue",10,3,1,NA,1,2037,203
"869",8,10,1,"Stop",0,3,0,NA,1,2038,203
"870",9,10,1,"Continue",10,3,1,NA,1,2039,203
"871",1,11,1,"Continue",10,3,1,NA,1,2031,203
"872",2,11,2,"Continue",10,3,1,NA,1,2032,203
"873",3,11,2,"Continue",10,3,1,NA,1,2033,203
"874",4,11,1,"Continue",10,3,1,NA,1,2034,203
"875",5,11,2,"Continue",10,3,1,NA,1,2035,203
"876",6,11,1,"Continue",10,3,1,NA,1,2036,203
"877",7,11,2,"Continue",10,3,1,NA,1,2037,203
"878",8,11,2,"Continue",10,3,1,NA,1,2038,203
"879",9,11,2,"Continue",10,3,1,NA,1,2039,203
"880",1,12,2,"Continue",10,3,1,NA,1,2031,203
"881",2,12,2,"Continue",10,3,1,NA,1,2032,203
"882",3,12,1,"Continue",10,3,1,NA,1,2033,203
"883",4,12,2,"Continue",10,3,1,NA,1,2034,203
"884",5,12,2,"Continue",10,3,1,NA,1,2035,203
"885",6,12,1,"Continue",10,3,1,NA,1,2036,203
"886",7,12,2,"Continue",10,3,1,NA,1,2037,203
"887",8,12,2,"Continue",10,3,1,NA,1,2038,203
"888",9,12,1,"Continue",10,3,1,NA,1,2039,203
"889",1,13,2,"Continue",10,3,1,NA,1,2031,203
"890",2,13,2,"Continue",10,3,1,NA,1,2032,203
"891",3,13,2,"Continue",10,3,1,NA,1,2033,203
"892",4,13,2,"Continue",10,3,1,NA,1,2034,203
"893",5,13,2,"Continue",10,3,1,NA,1,2035,203
"894",6,13,2,"Continue",10,3,1,NA,1,2036,203
"895",7,13,2,"Continue",10,3,1,NA,1,2037,203
"896",8,13,2,"Continue",10,3,1,NA,1,2038,203
"897",9,13,2,"Continue",10,3,1,NA,1,2039,203
"898",1,14,2,"Continue",10,3,1,NA,1,2031,203
"899",2,14,2,"Continue",10,3,1,NA,1,2032,203
"900",3,14,1,"Continue",15,3,1,NA,1,2033,203
"901",4,14,2,"Continue",10,3,1,NA,1,2034,203
"902",5,14,2,"Continue",10,3,1,NA,1,2035,203
"903",6,14,1,"Continue",15,3,1,NA,1,2036,203
"904",7,14,2,"Continue",10,3,1,NA,1,2037,203
"905",8,14,1,"Stop",0,3,0,NA,1,2038,203
"906",9,14,2,"Continue",10,3,1,NA,1,2039,203
"907",1,15,2,"Continue",10,3,1,NA,1,2031,203
"908",2,15,1,"Continue",30,3,1,NA,1,2032,203
"909",3,15,1,"Continue",15,3,1,NA,1,2033,203
"910",4,15,1,"Stop",0,3,0,NA,1,2034,203
"911",5,15,2,"Continue",10,3,1,NA,1,2035,203
"912",6,15,2,"Continue",10,3,1,NA,1,2036,203
"913",7,15,1,"Continue",15,3,1,NA,1,2037,203
"914",8,15,1,"Stop",0,3,0,NA,1,2038,203
"915",9,15,1,"Stop",0,3,0,NA,1,2039,203
"916",1,16,2,"Continue",10,3,1,NA,1,2031,203
"917",2,16,1,"Continue",15,3,1,NA,1,2032,203
"918",3,16,1,"Continue",10,3,1,NA,1,2033,203
"919",4,16,1,"Continue",10,3,1,NA,1,2034,203
"920",5,16,2,"Continue",10,3,1,NA,1,2035,203
"921",6,16,1,"Continue",15,3,1,NA,1,2036,203
"922",7,16,2,"Continue",10,3,1,NA,1,2037,203
"923",8,16,1,"Stop",0,3,0,NA,1,2038,203
"924",9,16,1,"Continue",10,3,1,NA,1,2039,203
"925",1,17,2,"Continue",10,3,1,NA,1,2031,203
"926",2,17,2,"Continue",10,3,1,NA,1,2032,203
"927",3,17,1,"Continue",15,3,1,NA,1,2033,203
"928",4,17,1,"Continue",15,3,1,NA,1,2034,203
"929",5,17,2,"Continue",10,3,1,NA,1,2035,203
"930",6,17,2,"Continue",10,3,1,NA,1,2036,203
"931",7,17,1,"Stop",0,3,0,NA,1,2037,203
"932",8,17,2,"Continue",10,3,1,NA,1,2038,203
"933",9,17,2,"Continue",10,3,1,NA,1,2039,203
"934",1,18,1,"Continue",10,3,1,NA,1,2031,203
"935",2,18,1,"Continue",10,3,1,NA,1,2032,203
"936",3,18,1,"Continue",10,3,1,NA,1,2033,203
"937",4,18,1,"Continue",15,3,1,NA,1,2034,203
"938",5,18,1,"Continue",10,3,1,NA,1,2035,203
"939",6,18,1,"Continue",15,3,1,NA,1,2036,203
"940",7,18,1,"Stop",0,3,0,NA,1,2037,203
"941",8,18,1,"Continue",10,3,1,NA,1,2038,203
"942",9,18,1,"Continue",10,3,1,NA,1,2039,203
"943",1,19,2,"Continue",10,3,1,NA,1,2031,203
"944",2,19,2,"Continue",10,3,1,NA,1,2032,203
"945",3,19,2,"Continue",10,3,1,NA,1,2033,203
"946",4,19,2,"Continue",10,3,1,NA,1,2034,203
"947",5,19,1,"Continue",15,3,1,NA,1,2035,203
"948",6,19,2,"Continue",10,3,1,NA,1,2036,203
"949",7,19,2,"Continue",10,3,1,NA,1,2037,203
"950",8,19,1,"Stop",0,3,0,NA,1,2038,203
"951",9,19,1,"Continue",15,3,1,NA,1,2039,203
"952",1,20,1,"Continue",15,3,1,NA,1,2031,203
"953",2,20,2,"Continue",10,3,1,NA,1,2032,203
"954",3,20,2,"Continue",10,3,1,NA,1,2033,203
"955",4,20,1,"Continue",10,3,1,NA,1,2034,203
"956",5,20,1,"Continue",10,3,1,NA,1,2035,203
"957",6,20,1,"Continue",15,3,1,NA,1,2036,203
"958",7,20,2,"Continue",10,3,1,NA,1,2037,203
"959",8,20,1,"Stop",0,3,0,NA,1,2038,203
"960",9,20,1,"Continue",10,3,1,NA,1,2039,203
"961",1,1,2,"Continue",10,4,1,NA,1,2041,204
"962",2,1,2,"Continue",10,4,1,NA,1,2042,204
"963",3,1,2,"Continue",10,4,1,NA,1,2043,204
"964",4,1,2,"Continue",10,4,1,NA,1,2044,204
"965",5,1,2,"Continue",10,4,1,NA,1,2045,204
"966",6,1,2,"Continue",10,4,1,NA,1,2046,204
"967",7,1,2,"Continue",10,4,1,NA,1,2047,204
"968",8,1,2,"Continue",10,4,1,NA,1,2048,204
"969",9,1,2,"Continue",10,4,1,NA,1,2049,204
"970",1,2,2,"Continue",10,4,1,NA,1,2041,204
"971",2,2,2,"Continue",10,4,1,NA,1,2042,204
"972",3,2,2,"Continue",10,4,1,NA,1,2043,204
"973",4,2,2,"Continue",10,4,1,NA,1,2044,204
"974",5,2,1,"Continue",10,4,1,NA,1,2045,204
"975",6,2,1,"Continue",10,4,1,NA,1,2046,204
"976",7,2,1,"Continue",10,4,1,NA,1,2047,204
"977",8,2,2,"Continue",10,4,1,NA,1,2048,204
"978",9,2,2,"Continue",10,4,1,NA,1,2049,204
"979",1,3,1,"Continue",10,4,1,NA,1,2041,204
"980",2,3,1,"Continue",10,4,1,NA,1,2042,204
"981",3,3,2,"Continue",10,4,1,NA,1,2043,204
"982",4,3,2,"Continue",10,4,1,NA,1,2044,204
"983",5,3,1,"Continue",10,4,1,NA,1,2045,204
"984",6,3,2,"Continue",10,4,1,NA,1,2046,204
"985",7,3,2,"Continue",10,4,1,NA,1,2047,204
"986",8,3,2,"Continue",10,4,1,NA,1,2048,204
"987",9,3,2,"Continue",10,4,1,NA,1,2049,204
"988",1,4,1,"Stop",0,4,0,NA,1,2041,204
"989",2,4,1,"Continue",15,4,1,NA,1,2042,204
"990",3,4,1,"Continue",10,4,1,NA,1,2043,204
"991",4,4,2,"Continue",10,4,1,NA,1,2044,204
"992",5,4,1,"Continue",10,4,1,NA,1,2045,204
"993",6,4,1,"Continue",15,4,1,NA,1,2046,204
"994",7,4,2,"Continue",10,4,1,NA,1,2047,204
"995",8,4,2,"Continue",10,4,1,NA,1,2048,204
"996",9,4,1,"Continue",10,4,1,NA,1,2049,204
"997",1,5,1,"Continue",10,4,1,NA,1,2041,204
"998",2,5,1,"Continue",10,4,1,NA,1,2042,204
"999",3,5,1,"Continue",10,4,1,NA,1,2043,204
"1000",4,5,2,"Continue",10,4,1,NA,1,2044,204
"1001",5,5,1,"Continue",10,4,1,NA,1,2045,204
"1002",6,5,1,"Continue",10,4,1,NA,1,2046,204
"1003",7,5,1,"Continue",10,4,1,NA,1,2047,204
"1004",8,5,2,"Continue",10,4,1,NA,1,2048,204
"1005",9,5,2,"Continue",10,4,1,NA,1,2049,204
"1006",1,6,1,"Continue",10,4,1,NA,1,2041,204
"1007",2,6,1,"Continue",10,4,1,NA,1,2042,204
"1008",3,6,2,"Continue",10,4,1,NA,1,2043,204
"1009",4,6,2,"Continue",10,4,1,NA,1,2044,204
"1010",5,6,2,"Continue",10,4,1,NA,1,2045,204
"1011",6,6,1,"Continue",10,4,1,NA,1,2046,204
"1012",7,6,1,"Continue",10,4,1,NA,1,2047,204
"1013",8,6,1,"Continue",10,4,1,NA,1,2048,204
"1014",9,6,1,"Continue",10,4,1,NA,1,2049,204
"1015",1,7,1,"Continue",15,4,1,NA,1,2041,204
"1016",2,7,1,"Continue",10,4,1,NA,1,2042,204
"1017",3,7,1,"Continue",15,4,1,NA,1,2043,204
"1018",4,7,1,"Stop",0,4,0,NA,1,2044,204
"1019",5,7,2,"Continue",10,4,1,NA,1,2045,204
"1020",6,7,2,"Continue",10,4,1,NA,1,2046,204
"1021",7,7,1,"Continue",10,4,1,NA,1,2047,204
"1022",8,7,1,"Continue",10,4,1,NA,1,2048,204
"1023",9,7,2,"Continue",10,4,1,NA,1,2049,204
"1024",1,8,1,"Continue",10,4,1,NA,1,2041,204
"1025",2,8,2,"Continue",10,4,1,NA,1,2042,204
"1026",3,8,1,"Continue",10,4,1,NA,1,2043,204
"1027",4,8,1,"Continue",10,4,1,NA,1,2044,204
"1028",5,8,1,"Continue",10,4,1,NA,1,2045,204
"1029",6,8,1,"Continue",10,4,1,NA,1,2046,204
"1030",7,8,2,"Continue",10,4,1,NA,1,2047,204
"1031",8,8,1,"Continue",10,4,1,NA,1,2048,204
"1032",9,8,2,"Continue",10,4,1,NA,1,2049,204
"1033",1,9,1,"Continue",10,4,1,NA,1,2041,204
"1034",2,9,1,"Continue",10,4,1,NA,1,2042,204
"1035",3,9,1,"Continue",10,4,1,NA,1,2043,204
"1036",4,9,2,"Continue",10,4,1,NA,1,2044,204
"1037",5,9,2,"Continue",10,4,1,NA,1,2045,204
"1038",6,9,1,"Continue",10,4,1,NA,1,2046,204
"1039",7,9,2,"Continue",10,4,1,NA,1,2047,204
"1040",8,9,1,"Continue",10,4,1,NA,1,2048,204
"1041",9,9,1,"Continue",10,4,1,NA,1,2049,204
"1042",1,10,1,"Continue",10,4,1,NA,1,2041,204
"1043",2,10,2,"Continue",10,4,1,NA,1,2042,204
"1044",3,10,1,"Continue",10,4,1,NA,1,2043,204
"1045",4,10,2,"Continue",10,4,1,NA,1,2044,204
"1046",5,10,2,"Continue",10,4,1,NA,1,2045,204
"1047",6,10,2,"Continue",10,4,1,NA,1,2046,204
"1048",7,10,2,"Continue",10,4,1,NA,1,2047,204
"1049",8,10,1,"Continue",10,4,1,NA,1,2048,204
"1050",9,10,2,"Continue",10,4,1,NA,1,2049,204
"1051",1,11,1,"Continue",10,4,1,NA,1,2041,204
"1052",2,11,1,"Continue",10,4,1,NA,1,2042,204
"1053",3,11,1,"Continue",10,4,1,NA,1,2043,204
"1054",4,11,1,"Continue",10,4,1,NA,1,2044,204
"1055",5,11,2,"Continue",10,4,1,NA,1,2045,204
"1056",6,11,1,"Continue",10,4,1,NA,1,2046,204
"1057",7,11,2,"Continue",10,4,1,NA,1,2047,204
"1058",8,11,2,"Continue",10,4,1,NA,1,2048,204
"1059",9,11,1,"Continue",10,4,1,NA,1,2049,204
"1060",1,12,1,"Continue",10,4,1,NA,1,2041,204
"1061",2,12,2,"Continue",10,4,1,NA,1,2042,204
"1062",3,12,1,"Continue",10,4,1,NA,1,2043,204
"1063",4,12,1,"Continue",10,4,1,NA,1,2044,204
"1064",5,12,2,"Continue",10,4,1,NA,1,2045,204
"1065",6,12,1,"Continue",10,4,1,NA,1,2046,204
"1066",7,12,1,"Continue",10,4,1,NA,1,2047,204
"1067",8,12,2,"Continue",10,4,1,NA,1,2048,204
"1068",9,12,1,"Continue",10,4,1,NA,1,2049,204
"1069",1,13,2,"Continue",10,4,1,NA,1,2041,204
"1070",2,13,2,"Continue",10,4,1,NA,1,2042,204
"1071",3,13,1,"Continue",15,4,1,NA,1,2043,204
"1072",4,13,2,"Continue",10,4,1,NA,1,2044,204
"1073",5,13,2,"Continue",10,4,1,NA,1,2045,204
"1074",6,13,1,"Continue",15,4,1,NA,1,2046,204
"1075",7,13,1,"Stop",0,4,0,NA,1,2047,204
"1076",8,13,2,"Continue",10,4,1,NA,1,2048,204
"1077",9,13,2,"Continue",10,4,1,NA,1,2049,204
"1078",1,14,2,"Continue",10,4,1,NA,1,2041,204
"1079",2,14,1,"Continue",10,4,1,NA,1,2042,204
"1080",3,14,2,"Continue",10,4,1,NA,1,2043,204
"1081",4,14,2,"Continue",10,4,1,NA,1,2044,204
"1082",5,14,1,"Continue",10,4,1,NA,1,2045,204
"1083",6,14,2,"Continue",10,4,1,NA,1,2046,204
"1084",7,14,1,"Continue",10,4,1,NA,1,2047,204
"1085",8,14,2,"Continue",10,4,1,NA,1,2048,204
"1086",9,14,2,"Continue",10,4,1,NA,1,2049,204
"1087",1,15,2,"Continue",10,4,1,NA,1,2041,204
"1088",2,15,1,"Stop",0,4,0,NA,1,2042,204
"1089",3,15,1,"Continue",10,4,1,NA,1,2043,204
"1090",4,15,1,"Continue",15,4,1,NA,1,2044,204
"1091",5,15,2,"Continue",10,4,1,NA,1,2045,204
"1092",6,15,2,"Continue",10,4,1,NA,1,2046,204
"1093",7,15,1,"Continue",10,4,1,NA,1,2047,204
"1094",8,15,1,"Continue",15,4,1,NA,1,2048,204
"1095",9,15,1,"Continue",10,4,1,NA,1,2049,204
"1096",1,16,1,"Continue",10,4,1,NA,1,2041,204
"1097",2,16,1,"Continue",10,4,1,NA,1,2042,204
"1098",3,16,2,"Continue",10,4,1,NA,1,2043,204
"1099",4,16,2,"Continue",10,4,1,NA,1,2044,204
"1100",5,16,1,"Continue",10,4,1,NA,1,2045,204
"1101",6,16,1,"Continue",10,4,1,NA,1,2046,204
"1102",7,16,1,"Continue",10,4,1,NA,1,2047,204
"1103",8,16,1,"Continue",10,4,1,NA,1,2048,204
"1104",9,16,2,"Continue",10,4,1,NA,1,2049,204
"1105",1,17,2,"Continue",10,4,1,NA,1,2041,204
"1106",2,17,2,"Continue",10,4,1,NA,1,2042,204
"1107",3,17,1,"Continue",10,4,1,NA,1,2043,204
"1108",4,17,1,"Continue",10,4,1,NA,1,2044,204
"1109",5,17,2,"Continue",10,4,1,NA,1,2045,204
"1110",6,17,2,"Continue",10,4,1,NA,1,2046,204
"1111",7,17,1,"Continue",10,4,1,NA,1,2047,204
"1112",8,17,2,"Continue",10,4,1,NA,1,2048,204
"1113",9,17,2,"Continue",10,4,1,NA,1,2049,204
"1114",1,18,2,"Continue",10,4,1,NA,1,2041,204
"1115",2,18,2,"Continue",10,4,1,NA,1,2042,204
"1116",3,18,2,"Continue",10,4,1,NA,1,2043,204
"1117",4,18,1,"Continue",10,4,1,NA,1,2044,204
"1118",5,18,2,"Continue",10,4,1,NA,1,2045,204
"1119",6,18,1,"Continue",10,4,1,NA,1,2046,204
"1120",7,18,1,"Continue",10,4,1,NA,1,2047,204
"1121",8,18,2,"Continue",10,4,1,NA,1,2048,204
"1122",9,18,2,"Continue",10,4,1,NA,1,2049,204
"1123",1,19,1,"Continue",10,4,1,NA,1,2041,204
"1124",2,19,1,"Continue",10,4,1,NA,1,2042,204
"1125",3,19,1,"Continue",10,4,1,NA,1,2043,204
"1126",4,19,1,"Continue",10,4,1,NA,1,2044,204
"1127",5,19,2,"Continue",10,4,1,NA,1,2045,204
"1128",6,19,1,"Continue",10,4,1,NA,1,2046,204
"1129",7,19,1,"Continue",10,4,1,NA,1,2047,204
"1130",8,19,2,"Continue",10,4,1,NA,1,2048,204
"1131",9,19,2,"Continue",10,4,1,NA,1,2049,204
"1132",1,20,2,"Continue",10,4,1,NA,1,2041,204
"1133",2,20,2,"Continue",10,4,1,NA,1,2042,204
"1134",3,20,2,"Continue",10,4,1,NA,1,2043,204
"1135",4,20,2,"Continue",10,4,1,NA,1,2044,204
"1136",5,20,2,"Continue",10,4,1,NA,1,2045,204
"1137",6,20,2,"Continue",10,4,1,NA,1,2046,204
"1138",7,20,2,"Continue",10,4,1,NA,1,2047,204
"1139",8,20,2,"Continue",10,4,1,NA,1,2048,204
"1140",9,20,2,"Continue",10,4,1,NA,1,2049,204
"1141",1,1,1,"Continue",30,1,1,"1",2,3011,301
"1142",2,1,2,"Continue",30,1,1,"2",2,3012,301
"1143",3,1,2,"Continue",30,1,1,"3",2,3013,301
"1144",4,1,1,"Continue",30,1,1,"4",2,3014,301
"1145",5,1,2,"Continue",30,1,1,"5",2,3015,301
"1146",6,1,2,"Continue",30,1,1,"6",2,3016,301
"1147",7,1,1,"Continue",30,1,1,"7",2,3017,301
"1148",1,2,2,"Continue",30,1,1,"1",2,3011,301
"1149",2,2,1,"Stop",0,1,0,"2",2,3012,301
"1150",3,2,2,"Continue",30,1,1,"3",2,3013,301
"1151",4,2,2,"Continue",30,1,1,"4",2,3014,301
"1152",5,2,1,"Stop",0,1,0,"5",2,3015,301
"1153",6,2,2,"Continue",30,1,1,"6",2,3016,301
"1154",7,2,1,"Continue",30,1,1,"7",2,3017,301
"1155",1,3,2,"Stop",0,1,0,"1",2,3011,301
"1156",2,3,1,"Stop",0,1,0,"2",2,3012,301
"1157",3,3,1,"Stop",0,1,0,"3",2,3013,301
"1158",4,3,1,"Continue",30,1,1,"4",2,3014,301
"1159",5,3,2,"Continue",30,1,1,"5",2,3015,301
"1160",6,3,1,"Stop",0,1,0,"6",2,3016,301
"1161",7,3,1,"Continue",30,1,1,"7",2,3017,301
"1162",1,4,1,"Continue",30,1,1,"1",2,3011,301
"1163",2,4,1,"Stop",0,1,0,"2",2,3012,301
"1164",3,4,2,"Continue",30,1,1,"3",2,3013,301
"1165",4,4,2,"Continue",30,1,1,"4",2,3014,301
"1166",5,4,1,"Stop",0,1,0,"5",2,3015,301
"1167",6,4,2,"Continue",30,1,1,"6",2,3016,301
"1168",7,4,2,"Continue",30,1,1,"7",2,3017,301
"1169",1,5,1,"Stop",0,1,0,"1",2,3011,301
"1170",2,5,2,"Continue",30,1,1,"2",2,3012,301
"1171",3,5,2,"Stop",0,1,0,"3",2,3013,301
"1172",4,5,1,"Continue",30,1,1,"4",2,3014,301
"1173",5,5,2,"Continue",30,1,1,"5",2,3015,301
"1174",6,5,2,"Continue",30,1,1,"6",2,3016,301
"1175",7,5,1,"Continue",30,1,1,"7",2,3017,301
"1176",1,6,2,"Continue",30,1,1,"1",2,3011,301
"1177",2,6,1,"Stop",0,1,0,"2",2,3012,301
"1178",3,6,2,"Continue",30,1,1,"3",2,3013,301
"1179",4,6,2,"Continue",30,1,1,"4",2,3014,301
"1180",5,6,2,"Continue",30,1,1,"5",2,3015,301
"1181",6,6,2,"Continue",30,1,1,"6",2,3016,301
"1182",7,6,1,"Continue",30,1,1,"7",2,3017,301
"1183",1,7,2,"Continue",30,1,1,"1",2,3011,301
"1184",2,7,1,"Stop",0,1,0,"2",2,3012,301
"1185",3,7,1,"Continue",30,1,1,"3",2,3013,301
"1186",4,7,1,"Continue",30,1,1,"4",2,3014,301
"1187",5,7,1,"Stop",0,1,0,"5",2,3015,301
"1188",6,7,1,"Stop",0,1,0,"6",2,3016,301
"1189",7,7,1,"Continue",30,1,1,"7",2,3017,301
"1190",1,8,1,"Continue",30,1,1,"1",2,3011,301
"1191",2,8,2,"Continue",30,1,1,"2",2,3012,301
"1192",3,8,1,"Stop",0,1,0,"3",2,3013,301
"1193",4,8,1,"Continue",30,1,1,"4",2,3014,301
"1194",5,8,2,"Continue",30,1,1,"5",2,3015,301
"1195",6,8,1,"Stop",0,1,0,"6",2,3016,301
"1196",7,8,2,"Continue",30,1,1,"7",2,3017,301
"1197",1,9,1,"Stop",0,1,0,"1",2,3011,301
"1198",2,9,2,"Continue",30,1,1,"2",2,3012,301
"1199",3,9,2,"Continue",30,1,1,"3",2,3013,301
"1200",4,9,2,"Continue",30,1,1,"4",2,3014,301
"1201",5,9,1,"Stop",0,1,0,"5",2,3015,301
"1202",6,9,2,"Continue",30,1,1,"6",2,3016,301
"1203",7,9,2,"Continue",30,1,1,"7",2,3017,301
"1204",1,10,1,"Continue",30,1,1,"1",2,3011,301
"1205",2,10,1,"Stop",0,1,0,"2",2,3012,301
"1206",3,10,1,"Stop",0,1,0,"3",2,3013,301
"1207",4,10,2,"Continue",30,1,1,"4",2,3014,301
"1208",5,10,2,"Continue",30,1,1,"5",2,3015,301
"1209",6,10,2,"Continue",30,1,1,"6",2,3016,301
"1210",7,10,2,"Continue",30,1,1,"7",2,3017,301
"1211",1,11,1,"Stop",0,1,0,"1",2,3011,301
"1212",2,11,2,"Continue",30,1,1,"2",2,3012,301
"1213",3,11,1,"Stop",0,1,0,"3",2,3013,301
"1214",4,11,2,"Continue",30,1,1,"4",2,3014,301
"1215",5,11,2,"Continue",30,1,1,"5",2,3015,301
"1216",6,11,2,"Continue",30,1,1,"6",2,3016,301
"1217",7,11,2,"Continue",30,1,1,"7",2,3017,301
"1218",1,12,1,"Continue",30,1,1,"1",2,3011,301
"1219",2,12,2,"Continue",30,1,1,"2",2,3012,301
"1220",3,12,2,"Continue",30,1,1,"3",2,3013,301
"1221",4,12,1,"Continue",30,1,1,"4",2,3014,301
"1222",5,12,1,"Stop",0,1,0,"5",2,3015,301
"1223",6,12,2,"Continue",30,1,1,"6",2,3016,301
"1224",7,12,1,"Continue",30,1,1,"7",2,3017,301
"1225",1,13,1,"Continue",30,1,1,"1",2,3011,301
"1226",2,13,1,"Stop",0,1,0,"2",2,3012,301
"1227",3,13,1,"Stop",0,1,0,"3",2,3013,301
"1228",4,13,2,"Continue",30,1,1,"4",2,3014,301
"1229",5,13,1,"Stop",0,1,0,"5",2,3015,301
"1230",6,13,1,"Stop",0,1,0,"6",2,3016,301
"1231",7,13,2,"Continue",30,1,1,"7",2,3017,301
"1232",1,14,2,"Continue",30,1,1,"1",2,3011,301
"1233",2,14,2,"Continue",30,1,1,"2",2,3012,301
"1234",3,14,2,"Continue",30,1,1,"3",2,3013,301
"1235",4,14,2,"Continue",30,1,1,"4",2,3014,301
"1236",5,14,2,"Continue",30,1,1,"5",2,3015,301
"1237",6,14,2,"Continue",30,1,1,"6",2,3016,301
"1238",7,14,1,"Continue",30,1,1,"7",2,3017,301
"1239",1,15,1,"Continue",30,1,1,"1",2,3011,301
"1240",2,15,2,"Continue",30,1,1,"2",2,3012,301
"1241",3,15,1,"Stop",0,1,0,"3",2,3013,301
"1242",4,15,2,"Continue",30,1,1,"4",2,3014,301
"1243",5,15,2,"Continue",30,1,1,"5",2,3015,301
"1244",6,15,2,"Continue",30,1,1,"6",2,3016,301
"1245",7,15,2,"Continue",30,1,1,"7",2,3017,301
"1246",1,16,2,"Continue",30,1,1,"1",2,3011,301
"1247",2,16,2,"Continue",30,1,1,"2",2,3012,301
"1248",3,16,2,"Continue",30,1,1,"3",2,3013,301
"1249",4,16,1,"Continue",30,1,1,"4",2,3014,301
"1250",5,16,2,"Continue",30,1,1,"5",2,3015,301
"1251",6,16,2,"Continue",30,1,1,"6",2,3016,301
"1252",7,16,2,"Continue",30,1,1,"7",2,3017,301
"1253",1,17,2,"Stop",0,1,0,"1",2,3011,301
"1254",2,17,2,"Continue",30,1,1,"2",2,3012,301
"1255",3,17,2,"Continue",30,1,1,"3",2,3013,301
"1256",4,17,2,"Continue",30,1,1,"4",2,3014,301
"1257",5,17,1,"Stop",0,1,0,"5",2,3015,301
"1258",6,17,2,"Continue",30,1,1,"6",2,3016,301
"1259",7,17,1,"Continue",30,1,1,"7",2,3017,301
"1260",1,18,1,"Continue",30,1,1,"1",2,3011,301
"1261",2,18,2,"Continue",30,1,1,"2",2,3012,301
"1262",3,18,2,"Continue",30,1,1,"3",2,3013,301
"1263",4,18,2,"Continue",30,1,1,"4",2,3014,301
"1264",5,18,2,"Continue",30,1,1,"5",2,3015,301
"1265",6,18,2,"Continue",30,1,1,"6",2,3016,301
"1266",7,18,2,"Continue",30,1,1,"7",2,3017,301
"1267",1,19,1,"Continue",30,1,1,"1",2,3011,301
"1268",2,19,2,"Continue",30,1,1,"2",2,3012,301
"1269",3,19,2,"Continue",30,1,1,"3",2,3013,301
"1270",4,19,2,"Continue",30,1,1,"4",2,3014,301
"1271",5,19,2,"Continue",30,1,1,"5",2,3015,301
"1272",6,19,1,"Stop",0,1,0,"6",2,3016,301
"1273",7,19,1,"Continue",30,1,1,"7",2,3017,301
"1274",1,20,2,"Continue",30,1,1,"1",2,3011,301
"1275",2,20,2,"Continue",30,1,1,"2",2,3012,301
"1276",3,20,2,"Continue",30,1,1,"3",2,3013,301
"1277",4,20,1,"Continue",30,1,1,"4",2,3014,301
"1278",5,20,1,"Stop",0,1,0,"5",2,3015,301
"1279",6,20,2,"Continue",30,1,1,"6",2,3016,301
"1280",7,20,2,"Continue",30,1,1,"7",2,3017,301
"1281",1,1,2,"Continue",30,2,1,"1",2,3021,302
"1282",2,1,1,"Continue",30,2,1,"2",2,3022,302
"1283",3,1,2,"Continue",30,2,1,"3",2,3023,302
"1284",4,1,1,"Continue",30,2,1,"4",2,3024,302
"1285",5,1,1,"Continue",30,2,1,"5",2,3025,302
"1286",6,1,1,"Continue",30,2,1,"6",2,3026,302
"1287",7,1,1,"Continue",30,2,1,"7",2,3027,302
"1288",8,1,2,"Continue",30,2,1,"8",2,3028,302
"1289",1,2,1,"Continue",30,2,1,"1",2,3021,302
"1290",2,2,2,"Continue",30,2,1,"2",2,3022,302
"1291",3,2,1,"Continue",30,2,1,"3",2,3023,302
"1292",4,2,1,"Continue",30,2,1,"4",2,3024,302
"1293",5,2,2,"Continue",30,2,1,"5",2,3025,302
"1294",6,2,1,"Continue",30,2,1,"6",2,3026,302
"1295",7,2,1,"Continue",30,2,1,"7",2,3027,302
"1296",8,2,2,"Continue",30,2,1,"8",2,3028,302
"1297",1,3,1,"Continue",30,2,1,"1",2,3021,302
"1298",2,3,1,"Continue",30,2,1,"2",2,3022,302
"1299",3,3,1,"Continue",30,2,1,"3",2,3023,302
"1300",4,3,2,"Continue",30,2,1,"4",2,3024,302
"1301",5,3,2,"Continue",30,2,1,"5",2,3025,302
"1302",6,3,2,"Continue",30,2,1,"6",2,3026,302
"1303",7,3,2,"Continue",30,2,1,"7",2,3027,302
"1304",8,3,2,"Continue",30,2,1,"8",2,3028,302
"1305",1,4,1,"Continue",30,2,1,"1",2,3021,302
"1306",2,4,2,"Continue",30,2,1,"2",2,3022,302
"1307",3,4,2,"Continue",30,2,1,"3",2,3023,302
"1308",4,4,2,"Continue",30,2,1,"4",2,3024,302
"1309",5,4,1,"Continue",30,2,1,"5",2,3025,302
"1310",6,4,2,"Continue",30,2,1,"6",2,3026,302
"1311",7,4,1,"Continue",30,2,1,"7",2,3027,302
"1312",8,4,1,"Stop",0,2,0,"8",2,3028,302
"1313",1,5,1,"Stop",0,2,0,"1",2,3021,302
"1314",2,5,2,"Continue",30,2,1,"2",2,3022,302
"1315",3,5,1,"Stop",0,2,0,"3",2,3023,302
"1316",4,5,2,"Continue",30,2,1,"4",2,3024,302
"1317",5,5,2,"Continue",30,2,1,"5",2,3025,302
"1318",6,5,2,"Continue",30,2,1,"6",2,3026,302
"1319",7,5,2,"Continue",30,2,1,"7",2,3027,302
"1320",8,5,1,"Stop",0,2,0,"8",2,3028,302
"1321",1,6,1,"Stop",0,2,0,"1",2,3021,302
"1322",2,6,2,"Continue",30,2,1,"2",2,3022,302
"1323",3,6,2,"Continue",30,2,1,"3",2,3023,302
"1324",4,6,1,"Continue",30,2,1,"4",2,3024,302
"1325",5,6,1,"Continue",30,2,1,"5",2,3025,302
"1326",6,6,2,"Continue",30,2,1,"6",2,3026,302
"1327",7,6,2,"Continue",30,2,1,"7",2,3027,302
"1328",8,6,1,"Stop",0,2,0,"8",2,3028,302
"1329",1,7,1,"Continue",30,2,1,"1",2,3021,302
"1330",2,7,2,"Continue",30,2,1,"2",2,3022,302
"1331",3,7,2,"Continue",30,2,1,"3",2,3023,302
"1332",4,7,1,"Continue",30,2,1,"4",2,3024,302
"1333",5,7,1,"Continue",30,2,1,"5",2,3025,302
"1334",6,7,1,"Continue",30,2,1,"6",2,3026,302
"1335",7,7,1,"Continue",30,2,1,"7",2,3027,302
"1336",8,7,1,"Stop",0,2,0,"8",2,3028,302
"1337",1,8,1,"Continue",30,2,1,"1",2,3021,302
"1338",2,8,2,"Continue",30,2,1,"2",2,3022,302
"1339",3,8,2,"Continue",30,2,1,"3",2,3023,302
"1340",4,8,2,"Continue",30,2,1,"4",2,3024,302
"1341",5,8,1,"Continue",30,2,1,"5",2,3025,302
"1342",6,8,1,"Continue",30,2,1,"6",2,3026,302
"1343",7,8,1,"Continue",30,2,1,"7",2,3027,302
"1344",8,8,1,"Stop",0,2,0,"8",2,3028,302
"1345",1,9,2,"Continue",30,2,1,"1",2,3021,302
"1346",2,9,1,"Continue",30,2,1,"2",2,3022,302
"1347",3,9,1,"Stop",0,2,0,"3",2,3023,302
"1348",4,9,2,"Continue",30,2,1,"4",2,3024,302
"1349",5,9,2,"Continue",30,2,1,"5",2,3025,302
"1350",6,9,1,"Continue",30,2,1,"6",2,3026,302
"1351",7,9,2,"Continue",30,2,1,"7",2,3027,302
"1352",8,9,2,"Continue",30,2,1,"8",2,3028,302
"1353",1,10,1,"Continue",30,2,1,"1",2,3021,302
"1354",2,10,2,"Continue",30,2,1,"2",2,3022,302
"1355",3,10,2,"Continue",30,2,1,"3",2,3023,302
"1356",4,10,1,"Continue",30,2,1,"4",2,3024,302
"1357",5,10,2,"Continue",30,2,1,"5",2,3025,302
"1358",6,10,2,"Continue",30,2,1,"6",2,3026,302
"1359",7,10,1,"Continue",30,2,1,"7",2,3027,302
"1360",8,10,1,"Stop",0,2,0,"8",2,3028,302
"1361",1,11,2,"Continue",30,2,1,"1",2,3021,302
"1362",2,11,2,"Continue",30,2,1,"2",2,3022,302
"1363",3,11,2,"Continue",30,2,1,"3",2,3023,302
"1364",4,11,2,"Continue",30,2,1,"4",2,3024,302
"1365",5,11,2,"Continue",30,2,1,"5",2,3025,302
"1366",6,11,2,"Continue",30,2,1,"6",2,3026,302
"1367",7,11,2,"Continue",30,2,1,"7",2,3027,302
"1368",8,11,1,"Stop",0,2,0,"8",2,3028,302
"1369",1,12,2,"Continue",30,2,1,"1",2,3021,302
"1370",2,12,2,"Continue",30,2,1,"2",2,3022,302
"1371",3,12,1,"Stop",0,2,0,"3",2,3023,302
"1372",4,12,1,"Continue",30,2,1,"4",2,3024,302
"1373",5,12,2,"Continue",30,2,1,"5",2,3025,302
"1374",6,12,2,"Continue",30,2,1,"6",2,3026,302
"1375",7,12,2,"Continue",30,2,1,"7",2,3027,302
"1376",8,12,1,"Stop",0,2,0,"8",2,3028,302
"1377",1,13,1,"Stop",0,2,0,"1",2,3021,302
"1378",2,13,1,"Continue",30,2,1,"2",2,3022,302
"1379",3,13,2,"Continue",30,2,1,"3",2,3023,302
"1380",4,13,2,"Continue",30,2,1,"4",2,3024,302
"1381",5,13,1,"Continue",30,2,1,"5",2,3025,302
"1382",6,13,1,"Continue",30,2,1,"6",2,3026,302
"1383",7,13,2,"Continue",30,2,1,"7",2,3027,302
"1384",8,13,2,"Continue",30,2,1,"8",2,3028,302
"1385",1,14,2,"Continue",30,2,1,"1",2,3021,302
"1386",2,14,2,"Continue",30,2,1,"2",2,3022,302
"1387",3,14,2,"Continue",30,2,1,"3",2,3023,302
"1388",4,14,2,"Continue",30,2,1,"4",2,3024,302
"1389",5,14,2,"Continue",30,2,1,"5",2,3025,302
"1390",6,14,1,"Continue",30,2,1,"6",2,3026,302
"1391",7,14,1,"Continue",30,2,1,"7",2,3027,302
"1392",8,14,2,"Continue",30,2,1,"8",2,3028,302
"1393",1,15,1,"Continue",30,2,1,"1",2,3021,302
"1394",2,15,2,"Continue",30,2,1,"2",2,3022,302
"1395",3,15,2,"Continue",30,2,1,"3",2,3023,302
"1396",4,15,1,"Continue",30,2,1,"4",2,3024,302
"1397",5,15,1,"Continue",30,2,1,"5",2,3025,302
"1398",6,15,2,"Continue",30,2,1,"6",2,3026,302
"1399",7,15,2,"Continue",30,2,1,"7",2,3027,302
"1400",8,15,2,"Continue",30,2,1,"8",2,3028,302
"1401",1,16,1,"Continue",30,2,1,"1",2,3021,302
"1402",2,16,1,"Continue",30,2,1,"2",2,3022,302
"1403",3,16,2,"Continue",30,2,1,"3",2,3023,302
"1404",4,16,1,"Continue",30,2,1,"4",2,3024,302
"1405",5,16,1,"Continue",30,2,1,"5",2,3025,302
"1406",6,16,1,"Continue",30,2,1,"6",2,3026,302
"1407",7,16,2,"Continue",30,2,1,"7",2,3027,302
"1408",8,16,2,"Continue",30,2,1,"8",2,3028,302
"1409",1,17,1,"Continue",30,2,1,"1",2,3021,302
"1410",2,17,1,"Continue",30,2,1,"2",2,3022,302
"1411",3,17,1,"Continue",30,2,1,"3",2,3023,302
"1412",4,17,2,"Continue",30,2,1,"4",2,3024,302
"1413",5,17,1,"Continue",30,2,1,"5",2,3025,302
"1414",6,17,1,"Continue",30,2,1,"6",2,3026,302
"1415",7,17,2,"Continue",30,2,1,"7",2,3027,302
"1416",8,17,1,"Stop",0,2,0,"8",2,3028,302
"1417",1,18,1,"Continue",30,2,1,"1",2,3021,302
"1418",2,18,1,"Continue",30,2,1,"2",2,3022,302
"1419",3,18,2,"Continue",30,2,1,"3",2,3023,302
"1420",4,18,1,"Continue",30,2,1,"4",2,3024,302
"1421",5,18,2,"Continue",30,2,1,"5",2,3025,302
"1422",6,18,2,"Continue",30,2,1,"6",2,3026,302
"1423",7,18,2,"Continue",30,2,1,"7",2,3027,302
"1424",8,18,2,"Continue",30,2,1,"8",2,3028,302
"1425",1,19,1,"Continue",30,2,1,"1",2,3021,302
"1426",2,19,1,"Continue",30,2,1,"2",2,3022,302
"1427",3,19,1,"Stop",0,2,0,"3",2,3023,302
"1428",4,19,1,"Continue",30,2,1,"4",2,3024,302
"1429",5,19,2,"Continue",30,2,1,"5",2,3025,302
"1430",6,19,2,"Continue",30,2,1,"6",2,3026,302
"1431",7,19,1,"Continue",30,2,1,"7",2,3027,302
"1432",8,19,1,"Stop",0,2,0,"8",2,3028,302
"1433",1,20,1,"Continue",30,2,1,"1",2,3021,302
"1434",2,20,1,"Continue",30,2,1,"2",2,3022,302
"1435",3,20,1,"Stop",0,2,0,"3",2,3023,302
"1436",4,20,1,"Continue",30,2,1,"4",2,3024,302
"1437",5,20,2,"Continue",30,2,1,"5",2,3025,302
"1438",6,20,2,"Continue",30,2,1,"6",2,3026,302
"1439",7,20,2,"Continue",30,2,1,"7",2,3027,302
"1440",8,20,2,"Continue",30,2,1,"8",2,3028,302
"1441",1,1,2,"Continue",30,3,1,"1",2,3031,303
"1442",2,1,2,"Continue",30,3,1,"2",2,3032,303
"1443",3,1,1,"Continue",30,3,1,"3",2,3033,303
"1444",4,1,2,"Continue",30,3,1,"4",2,3034,303
"1445",5,1,2,"Continue",30,3,1,"5",2,3035,303
"1446",6,1,1,"Continue",30,3,1,"6",2,3036,303
"1447",7,1,2,"Continue",30,3,1,"7",2,3037,303
"1448",1,2,1,"Continue",30,3,1,"1",2,3031,303
"1449",2,2,1,"Continue",30,3,1,"2",2,3032,303
"1450",3,2,2,"Continue",30,3,1,"3",2,3033,303
"1451",4,2,2,"Continue",30,3,1,"4",2,3034,303
"1452",5,2,1,"Continue",30,3,1,"5",2,3035,303
"1453",6,2,1,"Stop",0,3,0,"6",2,3036,303
"1454",7,2,2,"Continue",30,3,1,"7",2,3037,303
"1455",1,3,2,"Continue",30,3,1,"1",2,3031,303
"1456",2,3,2,"Continue",30,3,1,"2",2,3032,303
"1457",3,3,2,"Continue",30,3,1,"3",2,3033,303
"1458",4,3,2,"Continue",30,3,1,"4",2,3034,303
"1459",5,3,2,"Continue",30,3,1,"5",2,3035,303
"1460",6,3,1,"Continue",30,3,1,"6",2,3036,303
"1461",7,3,2,"Continue",30,3,1,"7",2,3037,303
"1462",1,4,1,"Continue",30,3,1,"1",2,3031,303
"1463",2,4,2,"Continue",30,3,1,"2",2,3032,303
"1464",3,4,2,"Continue",30,3,1,"3",2,3033,303
"1465",4,4,1,"Continue",30,3,1,"4",2,3034,303
"1466",5,4,1,"Continue",30,3,1,"5",2,3035,303
"1467",6,4,2,"Continue",30,3,1,"6",2,3036,303
"1468",7,4,2,"Continue",30,3,1,"7",2,3037,303
"1469",1,5,1,"Continue",30,3,1,"1",2,3031,303
"1470",2,5,2,"Continue",30,3,1,"2",2,3032,303
"1471",3,5,2,"Continue",30,3,1,"3",2,3033,303
"1472",4,5,2,"Continue",30,3,1,"4",2,3034,303
"1473",5,5,2,"Continue",30,3,1,"5",2,3035,303
"1474",6,5,1,"Stop",0,3,0,"6",2,3036,303
"1475",7,5,2,"Continue",30,3,1,"7",2,3037,303
"1476",1,6,1,"Continue",30,3,1,"1",2,3031,303
"1477",2,6,2,"Continue",30,3,1,"2",2,3032,303
"1478",3,6,2,"Continue",30,3,1,"3",2,3033,303
"1479",4,6,1,"Continue",30,3,1,"4",2,3034,303
"1480",5,6,2,"Continue",30,3,1,"5",2,3035,303
"1481",6,6,2,"Continue",30,3,1,"6",2,3036,303
"1482",7,6,2,"Continue",30,3,1,"7",2,3037,303
"1483",1,7,1,"Continue",30,3,1,"1",2,3031,303
"1484",2,7,1,"Continue",30,3,1,"2",2,3032,303
"1485",3,7,2,"Continue",30,3,1,"3",2,3033,303
"1486",4,7,2,"Continue",30,3,1,"4",2,3034,303
"1487",5,7,2,"Continue",30,3,1,"5",2,3035,303
"1488",6,7,2,"Continue",30,3,1,"6",2,3036,303
"1489",7,7,1,"Continue",30,3,1,"7",2,3037,303
"1490",1,8,2,"Continue",30,3,1,"1",2,3031,303
"1491",2,8,2,"Continue",30,3,1,"2",2,3032,303
"1492",3,8,1,"Stop",0,3,0,"3",2,3033,303
"1493",4,8,1,"Continue",30,3,1,"4",2,3034,303
"1494",5,8,1,"Continue",30,3,1,"5",2,3035,303
"1495",6,8,2,"Stop",0,3,0,"6",2,3036,303
"1496",7,8,2,"Continue",30,3,1,"7",2,3037,303
"1497",1,9,2,"Continue",30,3,1,"1",2,3031,303
"1498",2,9,1,"Stop",0,3,0,"2",2,3032,303
"1499",3,9,2,"Continue",30,3,1,"3",2,3033,303
"1500",4,9,2,"Continue",30,3,1,"4",2,3034,303
"1501",5,9,2,"Continue",30,3,1,"5",2,3035,303
"1502",6,9,1,"Stop",0,3,0,"6",2,3036,303
"1503",7,9,1,"Stop",0,3,0,"7",2,3037,303
"1504",1,10,2,"Continue",30,3,1,"1",2,3031,303
"1505",2,10,1,"Continue",30,3,1,"2",2,3032,303
"1506",3,10,2,"Continue",30,3,1,"3",2,3033,303
"1507",4,10,2,"Continue",30,3,1,"4",2,3034,303
"1508",5,10,1,"Continue",30,3,1,"5",2,3035,303
"1509",6,10,2,"Continue",30,3,1,"6",2,3036,303
"1510",7,10,1,"Stop",0,3,0,"7",2,3037,303
"1511",1,11,1,"Continue",30,3,1,"1",2,3031,303
"1512",2,11,1,"Continue",30,3,1,"2",2,3032,303
"1513",3,11,2,"Continue",30,3,1,"3",2,3033,303
"1514",4,11,1,"Continue",30,3,1,"4",2,3034,303
"1515",5,11,1,"Continue",30,3,1,"5",2,3035,303
"1516",6,11,1,"Continue",30,3,1,"6",2,3036,303
"1517",7,11,2,"Continue",30,3,1,"7",2,3037,303
"1518",1,12,1,"Continue",30,3,1,"1",2,3031,303
"1519",2,12,2,"Continue",30,3,1,"2",2,3032,303
"1520",3,12,1,"Stop",0,3,0,"3",2,3033,303
"1521",4,12,2,"Continue",30,3,1,"4",2,3034,303
"1522",5,12,1,"Continue",30,3,1,"5",2,3035,303
"1523",6,12,2,"Continue",30,3,1,"6",2,3036,303
"1524",7,12,2,"Continue",30,3,1,"7",2,3037,303
"1525",1,13,2,"Continue",30,3,1,"1",2,3031,303
"1526",2,13,2,"Continue",30,3,1,"2",2,3032,303
"1527",3,13,2,"Continue",30,3,1,"3",2,3033,303
"1528",4,13,2,"Continue",30,3,1,"4",2,3034,303
"1529",5,13,2,"Continue",30,3,1,"5",2,3035,303
"1530",6,13,2,"Continue",30,3,1,"6",2,3036,303
"1531",7,13,1,"Continue",30,3,1,"7",2,3037,303
"1532",1,14,2,"Continue",30,3,1,"1",2,3031,303
"1533",2,14,2,"Continue",30,3,1,"2",2,3032,303
"1534",3,14,1,"Stop",0,3,0,"3",2,3033,303
"1535",4,14,1,"Continue",30,3,1,"4",2,3034,303
"1536",5,14,2,"Continue",30,3,1,"5",2,3035,303
"1537",6,14,2,"Continue",30,3,1,"6",2,3036,303
"1538",7,14,2,"Continue",30,3,1,"7",2,3037,303
"1539",1,15,1,"Continue",30,3,1,"1",2,3031,303
"1540",2,15,2,"Continue",30,3,1,"2",2,3032,303
"1541",3,15,1,"Stop",0,3,0,"3",2,3033,303
"1542",4,15,2,"Continue",30,3,1,"4",2,3034,303
"1543",5,15,2,"Continue",30,3,1,"5",2,3035,303
"1544",6,15,1,"Continue",30,3,1,"6",2,3036,303
"1545",7,15,1,"Continue",30,3,1,"7",2,3037,303
"1546",1,16,2,"Continue",30,3,1,"1",2,3031,303
"1547",2,16,1,"Continue",30,3,1,"2",2,3032,303
"1548",3,16,1,"Stop",0,3,0,"3",2,3033,303
"1549",4,16,2,"Continue",30,3,1,"4",2,3034,303
"1550",5,16,2,"Continue",30,3,1,"5",2,3035,303
"1551",6,16,2,"Continue",30,3,1,"6",2,3036,303
"1552",7,16,2,"Continue",30,3,1,"7",2,3037,303
"1553",1,17,1,"Continue",30,3,1,"1",2,3031,303
"1554",2,17,1,"Stop",0,3,0,"2",2,3032,303
"1555",3,17,2,"Continue",30,3,1,"3",2,3033,303
"1556",4,17,2,"Continue",30,3,1,"4",2,3034,303
"1557",5,17,2,"Continue",30,3,1,"5",2,3035,303
"1558",6,17,1,"Continue",30,3,1,"6",2,3036,303
"1559",7,17,1,"Continue",30,3,1,"7",2,3037,303
"1560",1,18,2,"Continue",30,3,1,"1",2,3031,303
"1561",2,18,1,"Continue",30,3,1,"2",2,3032,303
"1562",3,18,1,"Stop",0,3,0,"3",2,3033,303
"1563",4,18,1,"Continue",30,3,1,"4",2,3034,303
"1564",5,18,2,"Continue",30,3,1,"5",2,3035,303
"1565",6,18,2,"Continue",30,3,1,"6",2,3036,303
"1566",7,18,2,"Continue",30,3,1,"7",2,3037,303
"1567",1,19,2,"Continue",30,3,1,"1",2,3031,303
"1568",2,19,2,"Continue",30,3,1,"2",2,3032,303
"1569",3,19,1,"Stop",0,3,0,"3",2,3033,303
"1570",4,19,2,"Continue",30,3,1,"4",2,3034,303
"1571",5,19,1,"Continue",30,3,1,"5",2,3035,303
"1572",6,19,2,"Continue",30,3,1,"6",2,3036,303
"1573",7,19,1,"Continue",30,3,1,"7",2,3037,303
"1574",1,20,1,"Continue",30,3,1,"1",2,3031,303
"1575",2,20,1,"Continue",30,3,1,"2",2,3032,303
"1576",3,20,2,"Continue",30,3,1,"3",2,3033,303
"1577",4,20,1,"Continue",30,3,1,"4",2,3034,303
"1578",5,20,2,"Continue",30,3,1,"5",2,3035,303
"1579",6,20,2,"Continue",30,3,1,"6",2,3036,303
"1580",7,20,1,"Continue",30,3,1,"7",2,3037,303
